,Team_1,Team_1_Score,Team_1_Zip,Team_2_Team,Team_2_Score,Sport,Gender,Year,Level,City,State,Result,District_Non_District,Away/Home_For_Team_1,Date_Of_Contest,Time
0,Allen,23,75002-2100,Cedar Hill,8,football,boys,17-18,Varsity,Allen,TX,Team_1_Win, Non-District,Home ,"Fri, 9/1",7:30pm
1,Allen,28,75002-2100,"Evangel Christian AcademyShreveport, LA",7,football,boys,17-18,Varsity,Allen,TX,Team_1_Win, Non-District,Home ,"Fri, 9/8",7:00pm
2,Allen,35,75002-2100,Coppell,23,football,boys,17-18,Varsity,Allen,TX,Team_1_Win, Non-District,Home ,"Fri, 9/15",7:30pm
3,Allen,61,75002-2100,BoydMcKinney,10,football,boys,17-18,Varsity,Allen,TX,Team_1_Win, District,Home ,"Fri, 9/29",7:30pm
4,Allen,38,75002-2100,Plano,10,football,boys,17-18,Varsity,Allen,TX,Team_1_Win, District,Home ,"Fri, 10/13",7:30pm
5,Allen,45,75002-2100,GuyerDenton,7,football,boys,17-18,Varsity,Allen,TX,Team_1_Win, District,Away ,"Fri, 10/20",7:30pm
6,Allen,49,75002-2100,McKinney,14,football,boys,17-18,Varsity,Allen,TX,Team_1_Win, District,Home ,"Fri, 10/27",7:30pm
7,Allen,56,75002-2100,Plano EastPlano,30,football,boys,17-18,Varsity,Allen,TX,Team_1_Win, District,Home ,"Fri, 11/3",7:30pm
8,Allen,44,75002-2100,Wylie,28,football,boys,17-18,Varsity,Allen,TX,Team_1_Win, District,Away ,"Fri, 11/10",7:30pm
9,Allen,48,75002-2100,HebronCarrollton,17,football,boys,17-18,Varsity,Allen,TX,Team_1_Win, Playoff,Home ,"Fri, 11/17",7:30pm
10,Allen,28,75002-2100,South Grand PrairieGrand Prairie,14,football,boys,17-18,Varsity,Allen,TX,Team_1_Win, Playoff,TBA ,"Fri, 11/24",4:00pm
11,Allen,48,75002-2100,MartinArlington,25,football,boys,17-18,Varsity,Allen,TX,Team_1_Win, Playoff,TBA ,"Fri, 12/1",7:30pm
12,Allen,41,75002-2100,TrinityEuless,20,football,boys,17-18,Varsity,Allen,TX,Team_1_Win, Playoff,TBA ,"Sat, 12/9",1:00pm
13,Allen,28,75002-2100,Cedar RidgeRound Rock,7,football,boys,17-18,Varsity,Allen,TX,Team_1_Win, Playoff,TBA ,"Sat, 12/16",2:00pm
14,Allen,35,75002-2100,Lake TravisAustin,33,football,boys,17-18,Varsity,Allen,TX,Team_1_Win, Playoff,TBA ,"Sat, 12/23",3:00pm
15,Cy-Fair,42,77429-5055,Cypress LakesKaty,7,football,boys,17-18,Varsity,Cypress,TX,Team_1_Win, District,Home ,"Thu, 9/14",6:30pm
16,Cy-Fair,21,77429-5055,Cypress SpringsCypress,14,football,boys,17-18,Varsity,Cypress,TX,Team_1_Win, District,Away ,"Fri, 9/22",7:00pm
17,Cy-Fair,21,77429-5055,Cypress RanchHouston,3,football,boys,17-18,Varsity,Cypress,TX,Team_1_Win, District,Home ,"Thu, 9/28",6:30pm
18,Cy-Fair,42,77429-5055,Jersey VillageHouston,13,football,boys,17-18,Varsity,Cypress,TX,Team_1_Win, District,Away ,"Fri, 10/6",7:00pm
19,Cy-Fair,30,77429-5055,Cypress RidgeHouston,0,football,boys,17-18,Varsity,Cypress,TX,Team_1_Win, District,Away ,"Fri, 10/13",7:00pm
20,Cy-Fair,26,77429-5055,Cypress CreekHouston,14,football,boys,17-18,Varsity,Cypress,TX,Team_1_Win, District,Home ,"Fri, 10/20",7:00pm
21,Cy-Fair,49,77429-5055,Cypress WoodsCypress,21,football,boys,17-18,Varsity,Cypress,TX,Team_1_Win, District,Home ,"Sat, 10/28",1:00pm
22,Cy-Fair,42,77429-5055,Cypress FallsHouston,14,football,boys,17-18,Varsity,Cypress,TX,Team_1_Win, District,Away ,"Sat, 11/4",1:00pm
23,Cy-Fair,30,77429-5055,Langham CreekHouston,21,football,boys,17-18,Varsity,Cypress,TX,Team_1_Win, District,Home ,"Sat, 11/11",1:00pm
24,Cy-Fair,49,77429-5055,WestsideHouston,14,football,boys,17-18,Varsity,Cypress,TX,Team_1_Win, Playoff,Home ,"Fri, 11/17",7:00pm
25,Cy-Fair,17,77429-5055,Strake JesuitHouston,0,football,boys,17-18,Varsity,Cypress,TX,Team_1_Win, Playoff,TBA ,"Fri, 11/24",6:00pm
26,Cy-Fair,45,77429-5055,Friendswood,14,football,boys,17-18,Varsity,Cypress,TX,Team_1_Win, Playoff,TBA ,"Fri, 12/1",7:00pm
27,Cy-Fair,31,77429-5055,Langham CreekHouston,14,football,boys,17-18,Varsity,Cypress,TX,Team_1_Win, Playoff,TBA ,"Sat, 12/9",1:00pm
28,Cy-Fair,14,77429-5055,WestlakeAustin,6,football,boys,17-18,Varsity,Cypress,TX,Team_1_Win, Playoff,TBA ,"Sat, 12/16",3:00pm
29,Cy-Fair,51,77429-5055,MidwayWaco,35,football,boys,17-18,Varsity,Cypress,TX,Team_1_Win, Playoff,TBA ,"Sat, 12/23",7:00pm
30,Katy,24,77494-1199,The Woodlands,21,football,boys,17-18,Varsity,Katy,TX,Team_1_Win, Non-District,Home ,"Sat, 9/16",6:00pm
31,Katy,30,77494-1199,Cinco RanchKaty,0,football,boys,17-18,Varsity,Katy,TX,Team_1_Win, District,Home ,"Fri, 9/22",6:30pm
32,Katy,37,77494-1199,Katy TaylorKaty,0,football,boys,17-18,Varsity,Katy,TX,Team_1_Win, District,Away ,"Sat, 9/30",6:00pm
33,Katy,41,77494-1199,Seven LakesKaty,3,football,boys,17-18,Varsity,Katy,TX,Team_1_Win, District,Away ,"Fri, 10/13",6:30pm
34,Katy,65,77494-1199,Morton RanchKaty,10,football,boys,17-18,Varsity,Katy,TX,Team_1_Win, District,Away ,"Fri, 10/20",7:30pm
35,Katy,62,77494-1199,TompkinsKaty,0,football,boys,17-18,Varsity,Katy,TX,Team_1_Win, District,Away ,"Fri, 10/27",6:30pm
36,Katy,49,77494-1199,Strake JesuitHouston,7,football,boys,17-18,Varsity,Katy,TX,Team_1_Win, District,TBA ,"Thu, 11/2",7:00pm
37,Katy,62,77494-1199,Mayde CreekHouston,7,football,boys,17-18,Varsity,Katy,TX,Team_1_Win, District,Away ,"Fri, 11/10",7:30pm
38,Katy,45,77494-1199,Fort Bend TravisRichmond,14,football,boys,17-18,Varsity,Katy,TX,Team_1_Win, Playoff,Home ,"Fri, 11/17",6:30pm
39,Katy,55,77494-1199,Cypress RanchHouston,7,football,boys,17-18,Varsity,Katy,TX,Team_1_Win, Playoff,TBA ,"Sat, 11/25",12:00pm
40,Katy,44,77494-1199,AtascocitaHumble,0,football,boys,17-18,Varsity,Katy,TX,Team_1_Win, Playoff,TBA ,"Fri, 12/1",7:00pm
41,Katy,31,77494-1199,North ShoreHouston,3,football,boys,17-18,Varsity,Katy,TX,Team_1_Win, Playoff,TBA ,"Sat, 12/9",2:00pm
42,Katy,28,77494-1199,Lake TravisAustin,14,football,boys,17-18,Varsity,Katy,TX,Team_1_Win, Playoff,TBA ,"Sat, 12/16",3:00pm
43,Midway,35,76712-6575,Cedar Park,28,football,boys,17-18,Varsity,Waco,TX,Team_1_Win, Non-District,Away ,"Fri, 9/1",7:30pm
44,Midway,34,76712-6575,Cedar RidgeRound Rock,19,football,boys,17-18,Varsity,Waco,TX,Team_1_Win, Non-District,Home ,"Fri, 9/8",7:30pm
45,Midway,40,76712-6575,Temple,28,football,boys,17-18,Varsity,Waco,TX,Team_1_Win, Non-District,Away ,"Fri, 9/15",7:30pm
46,Midway,42,76712-6575,Waco,7,football,boys,17-18,Varsity,Waco,TX,Team_1_Win, Non-District,Home ,"Fri, 9/22",7:30pm
47,Midway,49,76712-6575,Copperas Cove,45,football,boys,17-18,Varsity,Waco,TX,Team_1_Win, District,Away ,"Fri, 9/29",7:30pm
48,Midway,42,76712-6575,Harker Heights,9,football,boys,17-18,Varsity,Waco,TX,Team_1_Win, District,Home ,"Fri, 10/6",7:30pm
49,Midway,42,76712-6575,Killeen,10,football,boys,17-18,Varsity,Waco,TX,Team_1_Win, District,Away ,"Thu, 10/12",7:00pm
50,Midway,53,76712-6575,Belton,32,football,boys,17-18,Varsity,Waco,TX,Team_1_Win, District,Home ,"Fri, 10/20",7:30pm
51,Midway,63,76712-6575,ShoemakerKilleen,21,football,boys,17-18,Varsity,Waco,TX,Team_1_Win, District,Away ,"Fri, 11/3",7:30pm
52,Midway,63,76712-6575,EllisonKilleen,28,football,boys,17-18,Varsity,Waco,TX,Team_1_Win, District,Home ,"Thu, 11/9",7:00pm
53,Midway,46,76712-6575,Grand Prairie,14,football,boys,17-18,Varsity,Waco,TX,Team_1_Win, Playoff,Home ,"Fri, 11/17",7:30pm
54,Midway,59,76712-6575,Byron NelsonTrophy Club,7,football,boys,17-18,Varsity,Waco,TX,Team_1_Win, Playoff,TBA ,"Fri, 11/24",8:00pm
55,Midway,48,76712-6575,Mansfield,17,football,boys,17-18,Varsity,Waco,TX,Team_1_Win, Playoff,TBA ,"Fri, 12/1",7:00pm
56,Midway,42,76712-6575,Southlake CarrollSouthlake,28,football,boys,17-18,Varsity,Waco,TX,Team_1_Win, Playoff,TBA ,"Sat, 12/9",6:00pm
57,Midway,28,76712-6575,Longview,26,football,boys,17-18,Varsity,Waco,TX,Team_1_Win, Playoff,TBA ,"Sat, 12/16",6:00pm
58,Midway,51,76712-6575,Cy-FairCypress,35,football,boys,17-18,Varsity,Waco,TX,Team_1_Win, Playoff,TBA ,"Sat, 12/23",7:00pm
59,Highland Park,53,75205-1099,Rockwall,49,football,boys,17-18,Varsity,Dallas,TX,Team_1_Win, Non-District,Away ,"Fri, 9/1",7:30pm
60,Highland Park,32,75205-1099,Waxahachie,21,football,boys,17-18,Varsity,Dallas,TX,Team_1_Win, Non-District,Home ,"Fri, 9/8",7:30pm
61,Highland Park,34,75205-1099,Mansfield TimberviewArlington,32,football,boys,17-18,Varsity,Dallas,TX,Team_1_Win, Non-District,Away ,"Thu, 9/14",7:00pm
62,Highland Park,50,75205-1099,LovejoyLucas,7,football,boys,17-18,Varsity,Dallas,TX,Team_1_Win, District,Away ,"Fri, 9/22",7:30pm
63,Highland Park,63,75205-1099,North ForneyForney,42,football,boys,17-18,Varsity,Dallas,TX,Team_1_Win, District,Home ,"Fri, 9/29",7:30pm
64,Highland Park,38,75205-1099,West MesquiteMesquite,17,football,boys,17-18,Varsity,Dallas,TX,Team_1_Win, District,Home ,"Fri, 10/13",7:30pm
65,Highland Park,28,75205-1099,PoteetMesquite,9,football,boys,17-18,Varsity,Dallas,TX,Team_1_Win, District,Away ,"Fri, 10/20",7:30pm
66,Highland Park,35,75205-1099,Forney,13,football,boys,17-18,Varsity,Dallas,TX,Team_1_Win, District,Home ,"Fri, 10/27",7:30pm
67,Highland Park,45,75205-1099,Royse City,15,football,boys,17-18,Varsity,Dallas,TX,Team_1_Win, District,Away ,"Fri, 11/3",7:30pm
68,Highland Park,42,75205-1099,Wylie EastWylie,7,football,boys,17-18,Varsity,Dallas,TX,Team_1_Win, District,Home ,"Fri, 11/10",7:30pm
69,Highland Park,56,75205-1099,TexasTexarkana,49,football,boys,17-18,Varsity,Dallas,TX,Team_1_Win, Playoff,TBA ,"Sat, 11/18",2:00pm
70,Highland Park,73,75205-1099,McKinney NorthMcKinney,20,football,boys,17-18,Varsity,Dallas,TX,Team_1_Win, Playoff,TBA ,"Fri, 11/24",12:00pm
71,Highland Park,52,75205-1099,Mansfield SummitArlington,20,football,boys,17-18,Varsity,Dallas,TX,Team_1_Win, Playoff,TBA ,"Fri, 12/1",7:30pm
72,Highland Park,37,75205-1099,Lake RidgeMansfield,35,football,boys,17-18,Varsity,Dallas,TX,Team_1_Win, Playoff,TBA ,"Fri, 12/8",7:30pm
73,Highland Park,45,75205-1099,RyanDenton,35,football,boys,17-18,Varsity,Dallas,TX,Team_1_Win, Playoff,TBA ,"Fri, 12/15",9:00pm
74,Highland Park,53,75205-1099,Manvel,49,football,boys,17-18,Varsity,Dallas,TX,Team_1_Win, Playoff,TBA ,"Fri, 12/22",7:00pm
75,Manvel,45,77578,Pearland,7,football,boys,17-18,Varsity,Manvel,TX,Team_1_Win, Non-District,Home ,"Fri, 9/15",7:00pm
76,Manvel,24,77578,North ShoreHouston,21,football,boys,17-18,Varsity,Manvel,TX,Team_1_Win, Non-District,Home ,"Thu, 9/21",7:00pm
77,Manvel,70,77578,Fort Bend WillowridgeHouston,14,football,boys,17-18,Varsity,Manvel,TX,Team_1_Win, District,Home ,"Fri, 9/29",7:00pm
78,Manvel,35,77578,BallGalveston,7,football,boys,17-18,Varsity,Manvel,TX,Team_1_Win, District,Away ,"Fri, 10/6",7:00pm
79,Manvel,56,77578,Fort Bend MarshallMissouri City,27,football,boys,17-18,Varsity,Manvel,TX,Team_1_Win, District,Away ,"Sat, 10/14",1:00pm
80,Manvel,62,77578,Fort Bend ElkinsMissouri City,7,football,boys,17-18,Varsity,Manvel,TX,Team_1_Win, District,Home ,"Fri, 10/20",7:00pm
81,Manvel,21,77578,Texas City,0,football,boys,17-18,Varsity,Manvel,TX,Team_1_Win, District,Away ,"Fri, 10/27",7:00pm
82,Manvel,48,77578,Santa Fe,17,football,boys,17-18,Varsity,Manvel,TX,Team_1_Win, District,Home ,"Fri, 11/3",7:00pm
83,Manvel,69,77578,Galena Park,7,football,boys,17-18,Varsity,Manvel,TX,Team_1_Win, District,Away ,"Fri, 11/10",7:00pm
84,Manvel,49,77578,MadisonHouston,6,football,boys,17-18,Varsity,Manvel,TX,Team_1_Win, Playoff,Home ,"Thu, 11/16",7:00pm
85,Manvel,51,77578,Nederland,26,football,boys,17-18,Varsity,Manvel,TX,Team_1_Win, Playoff,TBA ,"Fri, 11/24",4:00pm
86,Manvel,56,77578,Cedar Park,17,football,boys,17-18,Varsity,Manvel,TX,Team_1_Win, Playoff,TBA ,"Fri, 12/1",7:30pm
87,Manvel,49,77578,Temple,34,football,boys,17-18,Varsity,Manvel,TX,Team_1_Win, Playoff,TBA ,"Fri, 12/8",7:30pm
88,Manvel,35,77578,Angleton,10,football,boys,17-18,Varsity,Manvel,TX,Team_1_Win, Playoff,TBA ,"Fri, 12/15",7:30pm
89,Manvel,53,77578,Highland ParkDallas,49,football,boys,17-18,Varsity,Manvel,TX,Team_1_Win, Playoff,TBA ,"Fri, 12/22",7:00pm
90,Lake Travis,65,78738-6804,JudsonConverse,45,football,boys,17-18,Varsity,Austin,TX,Team_1_Win, Non-District,Away ,"Fri, 9/1",8:35pm
91,Lake Travis,34,78738-6804,SteeleCibolo,31,football,boys,17-18,Varsity,Austin,TX,Team_1_Win, Non-District,Home ,"Sat, 9/9",7:00pm
92,Lake Travis,64,78738-6804,Dallas JesuitDallas,45,football,boys,17-18,Varsity,Austin,TX,Team_1_Win, Non-District,Home ,"Fri, 9/15",7:30pm
93,Lake Travis,48,78738-6804,HendricksonPflugerville,0,football,boys,17-18,Varsity,Austin,TX,Team_1_Win, Non-District,Away ,"Fri, 9/22",7:00pm
94,Lake Travis,60,78738-6804,HaysBuda,34,football,boys,17-18,Varsity,Austin,TX,Team_1_Win, District,Home ,"Fri, 9/29",7:00pm
95,Lake Travis,21,78738-6804,WestlakeAustin,14,football,boys,17-18,Varsity,Austin,TX,Team_1_Win, District,Away ,"Fri, 10/13",7:30pm
96,Lake Travis,56,78738-6804,LehmanKyle,0,football,boys,17-18,Varsity,Austin,TX,Team_1_Win, District,Home ,"Fri, 10/20",7:30pm
97,Lake Travis,44,78738-6804,Leander,0,football,boys,17-18,Varsity,Austin,TX,Team_1_Win, District,Away ,"Fri, 10/27",7:30pm
98,Lake Travis,51,78738-6804,Vista RidgeCedar Park,7,football,boys,17-18,Varsity,Austin,TX,Team_1_Win, District,Home ,"Fri, 11/3",7:30pm
99,Lake Travis,40,78738-6804,VandegriftAustin,28,football,boys,17-18,Varsity,Austin,TX,Team_1_Win, District,Away ,"Fri, 11/10",7:30pm
100,Lake Travis,49,78738-6804,MadisonSan Antonio,14,football,boys,17-18,Varsity,Austin,TX,Team_1_Win, Playoff,Home ,"Fri, 11/17",7:30pm
101,Lake Travis,47,78738-6804,JudsonConverse,39,football,boys,17-18,Varsity,Austin,TX,Team_1_Win, Playoff,TBA ,"Sat, 11/25",2:00pm
102,Lake Travis,42,78738-6804,Los Fresnos,7,football,boys,17-18,Varsity,Austin,TX,Team_1_Win, Playoff,TBA ,"Sat, 12/2",1:00pm
103,Lake Travis,38,78738-6804,O'ConnorHelotes,17,football,boys,17-18,Varsity,Austin,TX,Team_1_Win, Playoff,TBA ,"Sat, 12/9",4:00pm
104,Lake Travis,28,78738-6804,Katy,14,football,boys,17-18,Varsity,Austin,TX,Team_1_Win, Playoff,TBA ,"Sat, 12/16",3:00pm
105,Lake Travis,35,78738-6804,Allen,33,football,boys,17-18,Varsity,Austin,TX,Team_1_Win, Playoff,TBA ,"Sat, 12/23",3:00pm
106,Westlake,35,78746-6599,College Station,28,football,boys,17-18,Varsity,Austin,TX,Team_1_Win, Non-District,Away ,"Sat, 9/2",2:00pm
107,Westlake,66,78746-6599,NicevilleFL,7,football,boys,17-18,Varsity,Austin,TX,Team_1_Win, Non-District,Home ,"Fri, 9/8",7:30pm
108,Westlake,52,78746-6599,Pflugerville,3,football,boys,17-18,Varsity,Austin,TX,Team_1_Win, Non-District,Away ,"Fri, 9/15",7:30pm
109,Westlake,49,78746-6599,BowieAustin,7,football,boys,17-18,Varsity,Austin,TX,Team_1_Win, Non-District,Home ,"Fri, 9/22",7:30pm
110,Westlake,33,78746-6599,VandegriftAustin,31,football,boys,17-18,Varsity,Austin,TX,Team_1_Win, District,Home ,"Fri, 9/29",7:30pm
111,Westlake,34,78746-6599,HaysBuda,24,football,boys,17-18,Varsity,Austin,TX,Team_1_Win, District,Away ,"Fri, 10/6",7:30pm
112,Westlake,21,78746-6599,Lake TravisAustin,14,football,boys,17-18,Varsity,Austin,TX,Team_1_Win, District,Home ,"Fri, 10/13",7:30pm
113,Westlake,56,78746-6599,LehmanKyle,7,football,boys,17-18,Varsity,Austin,TX,Team_1_Win, District,Away ,"Fri, 10/27",7:30pm
114,Westlake,59,78746-6599,Leander,20,football,boys,17-18,Varsity,Austin,TX,Team_1_Win, District,Home ,"Fri, 11/3",7:30pm
115,Westlake,55,78746-6599,Vista RidgeCedar Park,14,football,boys,17-18,Varsity,Austin,TX,Team_1_Win, District,Away ,"Fri, 11/10",7:30pm
116,Westlake,62,78746-6599,MacArthurSan Antonio,14,football,boys,17-18,Varsity,Austin,TX,Team_1_Win, Playoff,Home ,"Fri, 11/17",7:30pm
117,Westlake,51,78746-6599,Smithson ValleySpring Branch,31,football,boys,17-18,Varsity,Austin,TX,Team_1_Win, Playoff,TBA ,"Fri, 11/24",1:00pm
118,Westlake,70,78746-6599,VelaEdinburg,14,football,boys,17-18,Varsity,Austin,TX,Team_1_Win, Playoff,TBA ,"Fri, 12/1",7:30pm
119,Westlake,28,78746-6599,SteeleCibolo,14,football,boys,17-18,Varsity,Austin,TX,Team_1_Win, Playoff,TBA ,"Sat, 12/9",8:00pm
120,Westlake,14,78746-6599,Cy-FairCypress,6,football,boys,17-18,Varsity,Austin,TX,Team_1_Win, Playoff,TBA ,"Sat, 12/16",3:00pm
121,Carthage,49,75633-2370,Gladewater,7,football,boys,17-18,Varsity,Carthage,TX,Team_1_Win, Non-District,Home ,"Fri, 9/1",7:30pm
122,Carthage,48,75633-2370,Liberty-EylauTexarkana,38,football,boys,17-18,Varsity,Carthage,TX,Team_1_Win, Non-District,Home ,"Fri, 9/8",7:30pm
123,Carthage,42,75633-2370,Whitehouse,20,football,boys,17-18,Varsity,Carthage,TX,Team_1_Win, Non-District,Away ,"Fri, 9/15",7:30pm
124,Carthage,48,75633-2370,Gilmer,28,football,boys,17-18,Varsity,Carthage,TX,Team_1_Win, Non-District,Away ,"Sat, 9/23",7:00pm
125,Carthage,42,75633-2370,Henderson,17,football,boys,17-18,Varsity,Carthage,TX,Team_1_Win, District,Away ,"Fri, 10/6",7:30pm
126,Carthage,50,75633-2370,Kilgore,20,football,boys,17-18,Varsity,Carthage,TX,Team_1_Win, District,Home ,"Fri, 10/13",7:30pm
127,Carthage,42,75633-2370,Center,12,football,boys,17-18,Varsity,Carthage,TX,Team_1_Win, District,Away ,"Fri, 10/20",7:30pm
128,Carthage,41,75633-2370,Bullard,7,football,boys,17-18,Varsity,Carthage,TX,Team_1_Win, District,Home ,"Fri, 10/27",7:30pm
129,Carthage,49,75633-2370,Palestine,31,football,boys,17-18,Varsity,Carthage,TX,Team_1_Win, District,Away ,"Fri, 11/3",7:30pm
130,Carthage,49,75633-2370,Chapel HillTyler,20,football,boys,17-18,Varsity,Carthage,TX,Team_1_Win, District,Home ,"Fri, 11/10",7:30pm
131,Carthage,46,75633-2370,HargraveHuffman,10,football,boys,17-18,Varsity,Carthage,TX,Team_1_Win, Playoff,TBA ,"Thu, 11/16",7:00pm
132,Carthage,45,75633-2370,BrazosportFreeport,21,football,boys,17-18,Varsity,Carthage,TX,Team_1_Win, Playoff,TBA ,"Fri, 11/24",6:00pm
133,Carthage,64,75633-2370,Silsbee,36,football,boys,17-18,Varsity,Carthage,TX,Team_1_Win, Playoff,TBA ,"Fri, 12/1",7:30pm
134,Carthage,35,75633-2370,Henderson,0,football,boys,17-18,Varsity,Carthage,TX,Team_1_Win, Playoff,TBA ,"Fri, 12/8",7:30pm
135,Carthage,46,75633-2370,La VegaWaco,39,football,boys,17-18,Varsity,Carthage,TX,Team_1_Win, Playoff,TBA ,"Fri, 12/15",7:30pm
136,Carthage,49,75633-2370,Kennedale,21,football,boys,17-18,Varsity,Carthage,TX,Team_1_Win, Playoff,TBA ,"Fri, 12/22",11:00am
137,Longview,35,75606-3268,Lufkin,16,football,boys,17-18,Varsity,Longview,TX,Team_1_Win, Non-District,Home ,"Fri, 9/1",7:30pm
138,Longview,41,75606-3268,Marshall,7,football,boys,17-18,Varsity,Longview,TX,Team_1_Win, Non-District,Home ,"Fri, 9/8",7:30pm
139,Longview,38,75606-3268,South Oak CliffDallas,7,football,boys,17-18,Varsity,Longview,TX,Team_1_Win, Non-District,Home ,"Fri, 9/15",7:30pm
140,Longview,52,75606-3268,HornMesquite,34,football,boys,17-18,Varsity,Longview,TX,Team_1_Win, District,Away ,"Fri, 9/22",7:30pm
141,Longview,54,75606-3268,Tyler LegacyTyler,26,football,boys,17-18,Varsity,Longview,TX,Team_1_Win, District,Home ,"Fri, 9/29",7:30pm
142,Longview,31,75606-3268,Rockwall,21,football,boys,17-18,Varsity,Longview,TX,Team_1_Win, District,Away ,"Fri, 10/6",7:30pm
143,Longview,41,75606-3268,North MesquiteMesquite,7,football,boys,17-18,Varsity,Longview,TX,Team_1_Win, District,Home ,"Fri, 10/20",7:30pm
144,Longview,28,75606-3268,Tyler,19,football,boys,17-18,Varsity,Longview,TX,Team_1_Win, District,Away ,"Fri, 10/27",7:30pm
145,Longview,49,75606-3268,Rockwall-HeathRockwall,7,football,boys,17-18,Varsity,Longview,TX,Team_1_Win, District,Home ,"Fri, 11/3",7:30pm
146,Longview,61,75606-3268,Mesquite,3,football,boys,17-18,Varsity,Longview,TX,Team_1_Win, District,Away ,"Fri, 11/10",7:30pm
147,Longview,42,75606-3268,West BrookBeaumont,21,football,boys,17-18,Varsity,Longview,TX,Team_1_Win, Playoff,Home ,"Fri, 11/17",7:00pm
148,Longview,42,75606-3268,Westbrook,21,football,boys,17-18,Varsity,Longview,TX,Team_1_Win, Playoff,Home ,"Fri, 11/17",7:30pm
149,Longview,75,75606-3268,Dallas JesuitDallas,43,football,boys,17-18,Varsity,Longview,TX,Team_1_Win, Playoff,TBA ,"Sat, 11/25",4:00pm
150,Longview,30,75606-3268,Klein CollinsSpring,24,football,boys,17-18,Varsity,Longview,TX,Team_1_Win, Playoff,TBA ,"Sat, 12/2",2:00pm
151,Longview,33,75606-3268,Lufkin,32,football,boys,17-18,Varsity,Longview,TX,Team_1_Win, Playoff,TBA ,"Sat, 12/9",3:15pm
152,Longview,28,75606-3268,MidwayWaco,26,football,boys,17-18,Varsity,Longview,TX,Team_1_Win, Playoff,TBA ,"Sat, 12/16",6:00pm
153,College Station,nan,77845,Montgomery,nan,football,boys,17-18,Varsity,College Station,TX,, Non-District,Away ,"Fri, 8/25",7:00pm
154,College Station,nan,77845,KingHouston,nan,football,boys,17-18,Varsity,College Station,TX,, Non-District,Home ,"Fri, 9/1",7:00pm
155,College Station,35,77845,WestlakeAustin,28,football,boys,17-18,Varsity,College Station,TX,Team_1_Win, Non-District,Home ,"Sat, 9/2",2:00pm
156,College Station,49,77845,ShoemakerKilleen,10,football,boys,17-18,Varsity,College Station,TX,Team_1_Win, Non-District,Away ,"Fri, 9/8",7:30pm
157,College Station,58,77845,St. Pius XHouston,41,football,boys,17-18,Varsity,College Station,TX,Team_1_Win, Non-District,Home ,"Fri, 9/15",7:30pm
158,College Station,35,77845,Pflugerville,0,football,boys,17-18,Varsity,College Station,TX,Team_1_Win, Non-District,Home ,"Fri, 9/22",7:30pm
159,College Station,35,77845,Bryan,34,football,boys,17-18,Varsity,College Station,TX,Team_1_Win, District,Away ,"Fri, 9/29",7:30pm
160,College Station,62,77845,UniversityWaco,14,football,boys,17-18,Varsity,College Station,TX,Team_1_Win, District,Home ,"Fri, 10/6",7:30pm
161,College Station,28,77845,A&M ConsolidatedCollege Station,17,football,boys,17-18,Varsity,College Station,TX,Team_1_Win, District,Away ,"Fri, 10/13",7:30pm
162,College Station,49,77845,RudderBryan,14,football,boys,17-18,Varsity,College Station,TX,Team_1_Win, District,Home ,"Fri, 10/20",7:30pm
163,College Station,52,77845,Waco,14,football,boys,17-18,Varsity,College Station,TX,Team_1_Win, District,Away ,"Fri, 10/27",7:30pm
164,College Station,26,77845,Temple,20 (OT),football,boys,17-18,Varsity,College Station,TX,, District,Home ,"Fri, 11/3",7:30pm
165,College Station,65,77845,Jacksonville,0,football,boys,17-18,Varsity,College Station,TX,Team_1_Win, Playoff,TBA ,"Fri, 11/17",7:00pm
166,College Station,34,77845,Georgetown,31,football,boys,17-18,Varsity,College Station,TX,Team_1_Win, Playoff,TBA ,"Sat, 11/25",2:00pm
167,College Station,66,77845,Port Neches-GrovesPort Neches,40,football,boys,17-18,Varsity,College Station,TX,Team_1_Win, Playoff,TBA ,"Sat, 12/2",1:00pm
168,College Station,49,77845,Fort Bend MarshallMissouri City,47,football,boys,17-18,Varsity,College Station,TX,Team_1_Win, Playoff,TBA ,"Sat, 12/9",1:00pm
169,College Station,49,77845,McCallumAustin,21,football,boys,17-18,Varsity,College Station,TX,Team_1_Win, Playoff,TBA ,"Sat, 12/16",7:00pm
170,College Station,20,77845,Aledo,19,football,boys,17-18,Varsity,College Station,TX,Team_1_Win, Playoff,TBA ,"Sat, 12/23",11:00am
171,Cedar Ridge,46,78683,CanyonNew Braunfels,14,football,boys,17-18,Varsity,Round Rock,TX,Team_1_Win, Non-District,Home ,"Fri, 9/1",7:30pm
172,Cedar Ridge,34,78683,MidwayWaco,19,football,boys,17-18,Varsity,Round Rock,TX,Team_1_Win, Non-District,Away ,"Fri, 9/8",7:30pm
173,Cedar Ridge,41,78683,ShoemakerKilleen,6,football,boys,17-18,Varsity,Round Rock,TX,Team_1_Win, Non-District,Home ,"Thu, 9/14",7:00pm
174,Cedar Ridge,21,78683,Temple,14,football,boys,17-18,Varsity,Round Rock,TX,Team_1_Win, Non-District,Home ,"Fri, 9/22",7:30pm
175,Cedar Ridge,66,78683,McNeilAustin,13,football,boys,17-18,Varsity,Round Rock,TX,Team_1_Win, District,Away ,"Fri, 10/6",7:00pm
176,Cedar Ridge,42,78683,Stony PointRound Rock,21,football,boys,17-18,Varsity,Round Rock,TX,Team_1_Win, District,Home ,"Fri, 10/13",7:00pm
177,Cedar Ridge,48,78683,Round Rock,28,football,boys,17-18,Varsity,Round Rock,TX,Team_1_Win, District,Away ,"Fri, 10/20",7:00pm
178,Cedar Ridge,49,78683,Pflugerville,17,football,boys,17-18,Varsity,Round Rock,TX,Team_1_Win, District,Home ,"Fri, 10/27",7:00pm
179,Cedar Ridge,49,78683,Round Rock WestwoodAustin,3,football,boys,17-18,Varsity,Round Rock,TX,Team_1_Win, District,Away ,"Fri, 11/10",7:00pm
180,Cedar Ridge,63,78683,AkinsAustin,14,football,boys,17-18,Varsity,Round Rock,TX,Team_1_Win, Playoff,Home ,"Thu, 11/16",7:30pm
181,Cedar Ridge,59,78683,Klein OakSpring,18,football,boys,17-18,Varsity,Round Rock,TX,Team_1_Win, Playoff,TBA ,"Fri, 11/24",7:00pm
182,Cedar Ridge,35,78683,Coppell,34 (OT),football,boys,17-18,Varsity,Round Rock,TX,, Playoff,TBA ,"Sat, 12/2",7:00pm
183,Cedar Ridge,30,78683,HendricksonPflugerville,2,football,boys,17-18,Varsity,Round Rock,TX,Team_1_Win, Playoff,TBA ,"Sat, 12/9",5:00pm
184,Cedar Ridge,28,78683,Allen,7,football,boys,17-18,Varsity,Round Rock,TX,Team_1_Win, Playoff,TBA ,"Sat, 12/16",2:00pm
185,Prestonwood Christian,61,75093-6389,All SaintsFort Worth,50,football,boys,17-18,Varsity,Plano,TX,Team_1_Win, Non-District,Home ,"Fri, 9/1",7:00pm
186,Prestonwood Christian,48,75093-6389,EpiscopalBellaire,20,football,boys,17-18,Varsity,Plano,TX,Team_1_Win, Non-District,Home ,"Fri, 9/8",7:00pm
187,Prestonwood Christian,41,75093-6389,Lake DallasCorinth,0,football,boys,17-18,Varsity,Plano,TX,Team_1_Win, Non-District,Away ,"Fri, 9/15",7:00pm
188,Prestonwood Christian,14,75093-6389,Liberty ChristianArgyle,0,football,boys,17-18,Varsity,Plano,TX,Team_1_Win, District,Away ,"Fri, 9/29",7:30pm
189,Prestonwood Christian,53,75093-6389,Parish EpiscopalDallas,7,football,boys,17-18,Varsity,Plano,TX,Team_1_Win, District,Home ,"Fri, 10/6",7:00pm
190,Prestonwood Christian,17,75093-6389,Bishop LynchDallas,13,football,boys,17-18,Varsity,Plano,TX,Team_1_Win, District,Away ,"Fri, 10/13",7:00pm
191,Prestonwood Christian,38,75093-6389,Nolan CatholicFort Worth,13,football,boys,17-18,Varsity,Plano,TX,Team_1_Win, District,Home ,"Fri, 10/20",7:00pm
192,Prestonwood Christian,22,75093-6389,Bishop DunneDallas,6,football,boys,17-18,Varsity,Plano,TX,Team_1_Win, District,Away ,"Fri, 10/27",7:00pm
193,Prestonwood Christian,65,75093-6389,John Paul IIPlano,7,football,boys,17-18,Varsity,Plano,TX,Team_1_Win, District,Home ,"Fri, 11/3",7:30pm
194,Prestonwood Christian,35,75093-6389,Trinity ChristianAddison,7,football,boys,17-18,Varsity,Plano,TX,Team_1_Win, District,Away ,"Fri, 11/10",7:30pm
195,Prestonwood Christian,42,75093-6389,St. Thomas CatholicHouston,0,football,boys,17-18,Varsity,Plano,TX,Team_1_Win, Playoff,Home ,"Sat, 11/18",2:00pm
196,Prestonwood Christian,45,75093-6389,Trinity ChristianAddison,15,football,boys,17-18,Varsity,Plano,TX,Team_1_Win, Playoff,TBA ,"Sat, 11/25",7:30pm
197,Prestonwood Christian,55,75093-6389,All SaintsFort Worth,48,football,boys,17-18,Varsity,Plano,TX,Team_1_Win, Playoff,TBA ,"Fri, 12/1",7:30pm
198,Prestonwood Christian,42,75093-6389,St. Pius XHouston,41,football,boys,17-18,Varsity,Plano,TX,Team_1_Win, Playoff,TBA ,"Sat, 12/9",7:00pm
199,Martin,57,76016-3410,SkylineDallas,26,football,boys,17-18,Varsity,Arlington,TX,Team_1_Win, Non-District,Away ,"Fri, 9/1",7:30pm
200,Martin,50,76016-3410,Southlake CarrollSouthlake,33,football,boys,17-18,Varsity,Arlington,TX,Team_1_Win, Non-District,Home ,"Fri, 9/8",7:30pm
201,Martin,29,76016-3410,South Grand PrairieGrand Prairie,10,football,boys,17-18,Varsity,Arlington,TX,Team_1_Win, Non-District,Away ,"Fri, 9/15",7:30pm
202,Martin,43,76016-3410,BowieArlington,14,football,boys,17-18,Varsity,Arlington,TX,Team_1_Win, District,Away ,"Fri, 9/29",7:30pm
203,Martin,76,76016-3410,PaschalFort Worth,45,football,boys,17-18,Varsity,Arlington,TX,Team_1_Win, District,Home ,"Fri, 10/6",7:30pm
204,Martin,27,76016-3410,Mansfield,16,football,boys,17-18,Varsity,Arlington,TX,Team_1_Win, District,Away ,"Fri, 10/13",7:30pm
205,Martin,59,76016-3410,Sam HoustonArlington,21,football,boys,17-18,Varsity,Arlington,TX,Team_1_Win, District,Away ,"Fri, 10/20",7:30pm
206,Martin,49,76016-3410,North CrowleyFort Worth,12,football,boys,17-18,Varsity,Arlington,TX,Team_1_Win, District,Home ,"Fri, 10/27",7:30pm
207,Martin,28,76016-3410,Arlington,14,football,boys,17-18,Varsity,Arlington,TX,Team_1_Win, District,Home ,"Fri, 11/3",7:30pm
208,Martin,50,76016-3410,LamarArlington,34,football,boys,17-18,Varsity,Arlington,TX,Team_1_Win, District,Home ,"Thu, 11/9",7:00pm
209,Martin,62,76016-3410,Keller,0,football,boys,17-18,Varsity,Arlington,TX,Team_1_Win, Playoff,Home ,"Fri, 11/17",7:30pm
210,Martin,41,76016-3410,PermianOdessa,10,football,boys,17-18,Varsity,Arlington,TX,Team_1_Win, Playoff,TBA ,"Fri, 11/24",3:30pm
211,Martin,48,76016-3410,Allen,25,football,boys,17-18,Varsity,Arlington,TX,Team_1_Win, Playoff,TBA ,"Fri, 12/1",7:30pm
212,Aledo,38,76008-3110,Colleyville HeritageColleyville,21,football,boys,17-18,Varsity,Aledo,TX,Team_1_Win, Non-District,Home ,"Fri, 9/1",7:30pm
213,Aledo,50,76008-3110,"Aguilas Blancas IPN (Mexico City, Mexico)",8,football,boys,17-18,Varsity,Aledo,TX,Team_1_Win, Non-District,Home ,"Fri, 9/8",7:30pm
214,Aledo,24,76008-3110,Mansfield LegacyMansfield,3,football,boys,17-18,Varsity,Aledo,TX,Team_1_Win, Non-District,Home ,"Fri, 9/15",7:30pm
215,Aledo,56,76008-3110,Chisholm TrailFort Worth,7,football,boys,17-18,Varsity,Aledo,TX,Team_1_Win, District,Home ,"Fri, 9/29",7:00pm
216,Aledo,52,76008-3110,Saginaw,7,football,boys,17-18,Varsity,Aledo,TX,Team_1_Win, District,Away ,"Fri, 10/6",7:00pm
217,Aledo,50,76008-3110,Azle,0,football,boys,17-18,Varsity,Aledo,TX,Team_1_Win, District,Away ,"Fri, 10/13",7:00pm
218,Aledo,52,76008-3110,V.R. EatonFort Worth,13,football,boys,17-18,Varsity,Aledo,TX,Team_1_Win, District,Home ,"Fri, 10/20",7:00pm
219,Aledo,59,76008-3110,BrewerFort Worth,7,football,boys,17-18,Varsity,Aledo,TX,Team_1_Win, District,Away ,"Fri, 10/27",7:00pm
220,Aledo,48,76008-3110,NorthwestJustin,0,football,boys,17-18,Varsity,Aledo,TX,Team_1_Win, District,Home ,"Fri, 11/3",7:00pm
221,Aledo,35,76008-3110,BoswellFort Worth,26,football,boys,17-18,Varsity,Aledo,TX,Team_1_Win, District,Away ,"Fri, 11/10",7:00pm
222,Aledo,72,76008-3110,RiderWichita Falls,13,football,boys,17-18,Varsity,Aledo,TX,Team_1_Win, Playoff,TBA ,"Thu, 11/16",7:00pm
223,Aledo,45,76008-3110,Grapevine,30,football,boys,17-18,Varsity,Aledo,TX,Team_1_Win, Playoff,TBA ,"Fri, 11/24",1:00pm
224,Aledo,34,76008-3110,CooperAbilene,31,football,boys,17-18,Varsity,Aledo,TX,Team_1_Win, Playoff,Away ,"Fri, 12/1",7:30pm
225,Aledo,43,76008-3110,RichlandNorth Richland Hills,7,football,boys,17-18,Varsity,Aledo,TX,Team_1_Win, Playoff,TBA ,"Sat, 12/9",2:00pm
226,Aledo,28,76008-3110,Mansfield LegacyMansfield,21,football,boys,17-18,Varsity,Aledo,TX,Team_1_Win, Playoff,TBA ,"Sat, 12/16",2:00pm
227,Aledo,20,76008-3110,College Station,19,football,boys,17-18,Varsity,Aledo,TX,Team_1_Win, Playoff,TBA ,"Sat, 12/23",11:00am
228,Pleasant Grove,27,75503-0957,"ArkansasTexarkana, AR",20,football,boys,17-18,Varsity,Texarkana,TX,Team_1_Win, Non-District,Home ,"Fri, 9/1",7:30pm
229,Pleasant Grove,45,75503-0957,Paris,13,football,boys,17-18,Varsity,Texarkana,TX,Team_1_Win, Non-District,Home ,"Fri, 9/8",7:30pm
230,Pleasant Grove,43,75503-0957,Frisco,13,football,boys,17-18,Varsity,Texarkana,TX,Team_1_Win, Non-District,Away ,"Fri, 9/22",7:00pm
231,Pleasant Grove,51,75503-0957,Liberty-EylauTexarkana,14,football,boys,17-18,Varsity,Texarkana,TX,Team_1_Win, Non-District,Away ,"Fri, 9/29",7:30pm
232,Pleasant Grove,63,75503-0957,Krum,0,football,boys,17-18,Varsity,Texarkana,TX,Team_1_Win, Non-District,TBA ,"Fri, 10/6",7:30pm
233,Pleasant Grove,41,75503-0957,Gilmer,38,football,boys,17-18,Varsity,Texarkana,TX,Team_1_Win, District,Away ,"Fri, 10/13",7:30pm
234,Pleasant Grove,48,75503-0957,Atlanta,17,football,boys,17-18,Varsity,Texarkana,TX,Team_1_Win, District,Home ,"Fri, 10/20",7:30pm
235,Pleasant Grove,28,75503-0957,Pittsburg,10,football,boys,17-18,Varsity,Texarkana,TX,Team_1_Win, District,Away ,"Fri, 10/27",7:30pm
236,Pleasant Grove,48,75503-0957,Spring HillLongview,31,football,boys,17-18,Varsity,Texarkana,TX,Team_1_Win, District,Away ,"Fri, 11/3",7:30pm
237,Pleasant Grove,50,75503-0957,Gladewater,7,football,boys,17-18,Varsity,Texarkana,TX,Team_1_Win, District,Home ,"Fri, 11/10",7:30pm
238,Pleasant Grove,21,75503-0957,Tatum,7,football,boys,17-18,Varsity,Texarkana,TX,Team_1_Win, Playoff,TBA ,"Fri, 11/17",7:00pm
239,Pleasant Grove,56,75503-0957,Aubrey,28,football,boys,17-18,Varsity,Texarkana,TX,Team_1_Win, Playoff,TBA ,"Fri, 11/24",4:00pm
240,Pleasant Grove,33,75503-0957,Celina,14,football,boys,17-18,Varsity,Texarkana,TX,Team_1_Win, Playoff,TBA ,"Fri, 12/1",7:00pm
241,Pleasant Grove,55,75503-0957,Melissa,14,football,boys,17-18,Varsity,Texarkana,TX,Team_1_Win, Playoff,TBA ,"Fri, 12/8",7:00pm
242,Pleasant Grove,45,75503-0957,Graham,14,football,boys,17-18,Varsity,Texarkana,TX,Team_1_Win, Playoff,TBA ,"Thu, 12/14",7:00pm
243,Pleasant Grove,41,75503-0957,West Orange-StarkOrange,21,football,boys,17-18,Varsity,Texarkana,TX,Team_1_Win, Playoff,TBA ,"Fri, 12/22",3:00pm
244,All Saints,61,76108-5985,Prestonwood ChristianPlano,50,football,boys,17-18,Varsity,Fort Worth,TX,Team_1_Win, Non-District,Away ,"Fri, 9/1",7:00pm
245,All Saints,51,76108-5985,Trinity ChristianAddison,28,football,boys,17-18,Varsity,Fort Worth,TX,Team_1_Win, Non-District,Away ,"Fri, 9/8",7:00pm
246,All Saints,43,76108-5985,Nolan CatholicFort Worth,15,football,boys,17-18,Varsity,Fort Worth,TX,Team_1_Win, Non-District,Home ,"Fri, 9/15",7:00pm
247,All Saints,35,76108-5985,Midland ChristianMidland,21,football,boys,17-18,Varsity,Fort Worth,TX,Team_1_Win, Non-District,Away ,"Fri, 9/22",7:00pm
248,All Saints,47,76108-5985,Dallas ChristianMesquite,10,football,boys,17-18,Varsity,Fort Worth,TX,Team_1_Win, Non-District,Away ,"Fri, 10/6",7:00pm
249,All Saints,46,76108-5985,Shadow CreekPearland,16,football,boys,17-18,Varsity,Fort Worth,TX,Team_1_Win, Non-District,Away ,"Fri, 10/13",7:00pm
250,All Saints,49,76108-5985,St. Pius XHouston,37,football,boys,17-18,Varsity,Fort Worth,TX,Team_1_Win, Non-District,Home ,"Fri, 10/20",7:00pm
251,All Saints,42,76108-5985,St. Joseph AcademyBrownsville,8,football,boys,17-18,Varsity,Fort Worth,TX,Team_1_Win, Non-District,Home ,"Sat, 11/4",2:00pm
252,All Saints,42,76108-5985,Central CatholicSan Antonio,7,football,boys,17-18,Varsity,Fort Worth,TX,Team_1_Win, Non-District,Home ,"Fri, 11/10",7:00pm
253,All Saints,49,76108-5985,Nolan CatholicFort Worth,7,football,boys,17-18,Varsity,Fort Worth,TX,Team_1_Win, Playoff,Away ,"Sat, 11/18",1:30pm
254,All Saints,47,76108-5985,St. Joseph AcademyBrownsville,14,football,boys,17-18,Varsity,Fort Worth,TX,Team_1_Win, Playoff,TBA ,"Fri, 11/24",5:00pm
255,All Saints,55,76108-5985,Prestonwood ChristianPlano,48,football,boys,17-18,Varsity,Fort Worth,TX,Team_1_Win, Playoff,TBA ,"Fri, 12/1",7:30pm
256,Ryan,57,76208-4658,Lancaster,40,football,boys,17-18,Varsity,Denton,TX,Team_1_Win, Non-District,Home ,"Fri, 9/1",7:00pm
257,Ryan,44,76208-4658,PoteetMesquite,3,football,boys,17-18,Varsity,Denton,TX,Team_1_Win, Non-District,Home ,"Fri, 9/8",7:00pm
258,Ryan,48,76208-4658,Wylie EastWylie,22,football,boys,17-18,Varsity,Denton,TX,Team_1_Win, Non-District,Home ,"Thu, 9/14",7:00pm
259,Ryan,28,76208-4658,Lone StarFrisco,21,football,boys,17-18,Varsity,Denton,TX,Team_1_Win, Non-District,Away ,"Thu, 9/21",7:00pm
260,Ryan,42,76208-4658,Denton,13,football,boys,17-18,Varsity,Denton,TX,Team_1_Win, District,Away ,"Thu, 9/28",7:00pm
261,Ryan,47,76208-4658,BraswellLittle Elm,14,football,boys,17-18,Varsity,Denton,TX,Team_1_Win, District,Home ,"Fri, 10/6",7:00pm
262,Ryan,53,76208-4658,Sherman,19,football,boys,17-18,Varsity,Denton,TX,Team_1_Win, District,Away ,"Fri, 10/20",7:00pm
263,Ryan,41,76208-4658,Wichita Falls,13,football,boys,17-18,Varsity,Denton,TX,Team_1_Win, District,Home ,"Thu, 10/26",7:00pm
264,Ryan,56,76208-4658,Denison,16,football,boys,17-18,Varsity,Denton,TX,Team_1_Win, District,Away ,"Fri, 11/3",7:00pm
265,Ryan,56,76208-4658,RiderWichita Falls,7,football,boys,17-18,Varsity,Denton,TX,Team_1_Win, District,Home ,"Thu, 11/9",7:00pm
266,Ryan,42,76208-4658,BrewerFort Worth,17,football,boys,17-18,Varsity,Denton,TX,Team_1_Win, Playoff,Home ,"Thu, 11/16",7:00pm
267,Ryan,49,76208-4658,BirdvilleNorth Richland Hills,6,football,boys,17-18,Varsity,Denton,TX,Team_1_Win, Playoff,TBA ,"Fri, 11/24",3:00pm
268,Ryan,49,76208-4658,MontereyLubbock,28,football,boys,17-18,Varsity,Denton,TX,Team_1_Win, Playoff,Home ,"Sat, 12/2",2:00pm
269,Ryan,69,76208-4658,CoronadoLubbock,49,football,boys,17-18,Varsity,Denton,TX,Team_1_Win, Playoff,TBA ,"Sat, 12/9",2:00pm
270,Ryan,45,76208-4658,Highland ParkDallas,35,football,boys,17-18,Varsity,Denton,TX,Team_1_Win, Playoff,TBA ,"Fri, 12/15",9:00pm
271,Trinity Christian,38,75104-4101,Episcopal School of DallasDallas,14,football,boys,17-18,Varsity,Cedar Hill,TX,Team_1_Win, Non-District,Home ,"Fri, 9/1",7:30pm
272,Trinity Christian,35,75104-4101,Grapevine Faith ChristianGrapevine,14,football,boys,17-18,Varsity,Cedar Hill,TX,Team_1_Win, Non-District,Away ,"Fri, 9/8",7:30pm
273,Trinity Christian,28,75104-4101,St. Thomas CatholicHouston,27,football,boys,17-18,Varsity,Cedar Hill,TX,Team_1_Win, Non-District,Away ,"Fri, 9/15",7:30pm
274,Trinity Christian,57,75104-4101,Brock,21,football,boys,17-18,Varsity,Cedar Hill,TX,Team_1_Win, Non-District,Away ,"Fri, 9/22",7:00pm
275,Trinity Christian,60,75104-4101,Grace CommunityTyler,0,football,boys,17-18,Varsity,Cedar Hill,TX,Team_1_Win, District,Away ,"Fri, 10/6",7:30pm
276,Trinity Christian,48,75104-4101,Prince of PeaceCarrollton,0,football,boys,17-18,Varsity,Cedar Hill,TX,Team_1_Win, District,Away ,"Fri, 10/20",7:30pm
277,Trinity Christian,75,75104-4101,Bishop GormanTyler,33,football,boys,17-18,Varsity,Cedar Hill,TX,Team_1_Win, District,Home ,"Fri, 10/27",7:30pm
278,Trinity Christian,56,75104-4101,Brook HillBullard,7,football,boys,17-18,Varsity,Cedar Hill,TX,Team_1_Win, District,Away ,"Fri, 11/3",7:30pm
279,Trinity Christian,27,75104-4101,Dallas ChristianMesquite,14,football,boys,17-18,Varsity,Cedar Hill,TX,Team_1_Win, District,Home ,"Fri, 11/10",7:30pm
280,Trinity Christian,70,75104-4101,Southwest Christian SchoolFort Worth,8,football,boys,17-18,Varsity,Cedar Hill,TX,Team_1_Win, Playoff,Home ,"Fri, 11/17",7:30pm
281,Trinity Christian,41,75104-4101,Midland ChristianMidland,6,football,boys,17-18,Varsity,Cedar Hill,TX,Team_1_Win, Playoff,TBA ,"Sat, 11/25",6:00pm
282,Trinity Christian,27,75104-4101,Dallas ChristianMesquite,0,football,boys,17-18,Varsity,Cedar Hill,TX,Team_1_Win, Playoff,TBA ,"Sat, 12/2",6:30pm
283,Trinity Christian,62,75104-4101,RegentsAustin,30,football,boys,17-18,Varsity,Cedar Hill,TX,Team_1_Win, Playoff,TBA ,"Fri, 12/8",7:00pm
284,Klein Collins,23,77388-3873,LamarHouston,14,football,boys,17-18,Varsity,Spring,TX,Team_1_Win, Non-District,Away ,"Thu, 9/14",7:00pm
285,Klein Collins,41,77388-3873,AtascocitaHumble,0,football,boys,17-18,Varsity,Spring,TX,Team_1_Win, Non-District,Home ,"Thu, 9/21",7:00pm
286,Klein Collins,38,77388-3873,MemorialHouston,10,football,boys,17-18,Varsity,Spring,TX,Team_1_Win, District,Away ,"Thu, 9/28",7:00pm
287,Klein Collins,21,77388-3873,Klein OakSpring,10,football,boys,17-18,Varsity,Spring,TX,Team_1_Win, District,Home ,"Thu, 10/5",7:00pm
288,Klein Collins,49,77388-3873,Klein ForestHouston,22,football,boys,17-18,Varsity,Spring,TX,Team_1_Win, District,Away ,"Fri, 10/13",7:00pm
289,Klein Collins,68,77388-3873,Spring WoodsHouston,0,football,boys,17-18,Varsity,Spring,TX,Team_1_Win, District,Home ,"Fri, 10/20",7:00pm
290,Klein Collins,49,77388-3873,StratfordHouston,7,football,boys,17-18,Varsity,Spring,TX,Team_1_Win, District,Away ,"Fri, 10/27",7:00pm
291,Klein Collins,22,77388-3873,Klein,9,football,boys,17-18,Varsity,Spring,TX,Team_1_Win, District,Away ,"Fri, 11/3",7:00pm
292,Klein Collins,62,77388-3873,NorthbrookHouston,0,football,boys,17-18,Varsity,Spring,TX,Team_1_Win, District,Home ,"Thu, 11/9",7:00pm
293,Klein Collins,49,77388-3873,DekaneyHouston,9,football,boys,17-18,Varsity,Spring,TX,Team_1_Win, Playoff,TBA ,"Fri, 11/17",7:00pm
294,Klein Collins,48,77388-3873,Stony PointRound Rock,14,football,boys,17-18,Varsity,Spring,TX,Team_1_Win, Playoff,TBA ,"Fri, 11/24",3:00pm
295,Klein Collins,30,77388-3873,Longview,24,football,boys,17-18,Varsity,Spring,TX,Team_1_Win, Playoff,TBA ,"Sat, 12/2",2:00pm
296,Trinity,38,76039-7499,"UnionTulsa, OK",7,football,boys,17-18,Varsity,Euless,TX,Team_1_Win, Non-District,Away ,"Fri, 9/1",7:00pm
297,Trinity,39,76039-7499,Montgomery,6,football,boys,17-18,Varsity,Euless,TX,Team_1_Win, Non-District,Away ,"Fri, 9/8",7:00pm
298,Trinity,31,76039-7499,Colleyville HeritageColleyville,14,football,boys,17-18,Varsity,Euless,TX,Team_1_Win, Non-District,Home ,"Fri, 9/15",7:30pm
299,Trinity,42,76039-7499,Lewisville,0,football,boys,17-18,Varsity,Euless,TX,Team_1_Win, District,Away ,"Fri, 9/29",7:30pm
300,Trinity,21,76039-7499,Southlake CarrollSouthlake,20,football,boys,17-18,Varsity,Euless,TX,Team_1_Win, District,Home ,"Fri, 10/6",7:30pm
301,Trinity,35,76039-7499,Byron NelsonTrophy Club,21,football,boys,17-18,Varsity,Euless,TX,Team_1_Win, District,Away ,"Thu, 10/12",7:00pm
302,Trinity,48,76039-7499,BellHurst,0,football,boys,17-18,Varsity,Euless,TX,Team_1_Win, District,Away ,"Thu, 10/19",7:00pm
303,Trinity,31,76039-7499,HebronCarrollton,28,football,boys,17-18,Varsity,Euless,TX,Team_1_Win, District,Away ,"Fri, 10/27",7:30pm
304,Trinity,37,76039-7499,Flower Mound,7,football,boys,17-18,Varsity,Euless,TX,Team_1_Win, District,Home ,"Fri, 11/3",7:30pm
305,Trinity,21,76039-7499,MarcusFlower Mound,16,football,boys,17-18,Varsity,Euless,TX,Team_1_Win, District,Away ,"Fri, 11/10",7:30pm
306,Trinity,28,76039-7499,Plano,21 (OT),football,boys,17-18,Varsity,Euless,TX,, Playoff,Home ,"Fri, 11/17",7:30pm
307,Trinity,28,76039-7499,Duncanville,27,football,boys,17-18,Varsity,Euless,TX,Team_1_Win, Playoff,TBA ,"Sat, 11/25",12:00pm
308,Trinity,34,76039-7499,Midland LeeMidland,23,football,boys,17-18,Varsity,Euless,TX,Team_1_Win, Playoff,TBA ,"Sat, 12/2",4:00pm
309,Trinity,41,76039-7499,Allen,20,football,boys,17-18,Varsity,Euless,TX,Team_1_Win, Playoff,TBA ,"Sat, 12/9",1:00pm
310,Southlake Carroll,6,76092-5948,Broken ArrowOK,0,football,boys,17-18,Varsity,Southlake,TX,Team_1_Win, Non-District,Away ,"Fri, 9/1",7:00pm
311,Southlake Carroll,50,76092-5948,MartinArlington,33,football,boys,17-18,Varsity,Southlake,TX,Team_1_Win, Non-District,Away ,"Fri, 9/8",7:30pm
312,Southlake Carroll,52,76092-5948,Rockwall,38,football,boys,17-18,Varsity,Southlake,TX,Team_1_Win, Non-District,Home ,"Fri, 9/15",7:30pm
313,Southlake Carroll,45,76092-5948,Flower Mound,31,football,boys,17-18,Varsity,Southlake,TX,Team_1_Win, District,Home ,"Fri, 9/29",7:30pm
314,Southlake Carroll,21,76092-5948,TrinityEuless,20,football,boys,17-18,Varsity,Southlake,TX,Team_1_Win, District,Away ,"Fri, 10/6",7:30pm
315,Southlake Carroll,51,76092-5948,Lewisville,0,football,boys,17-18,Varsity,Southlake,TX,Team_1_Win, District,Home ,"Fri, 10/13",7:30pm
316,Southlake Carroll,35,76092-5948,MarcusFlower Mound,21,football,boys,17-18,Varsity,Southlake,TX,Team_1_Win, District,Home ,"Fri, 10/20",7:30pm
317,Southlake Carroll,50,76092-5948,Byron NelsonTrophy Club,17,football,boys,17-18,Varsity,Southlake,TX,Team_1_Win, District,Away ,"Thu, 10/26",7:00pm
318,Southlake Carroll,24,76092-5948,BellHurst,17,football,boys,17-18,Varsity,Southlake,TX,Team_1_Win, District,Home ,"Fri, 11/3",7:30pm
319,Southlake Carroll,36,76092-5948,HebronCarrollton,31,football,boys,17-18,Varsity,Southlake,TX,Team_1_Win, District,Away ,"Fri, 11/10",7:30pm
320,Southlake Carroll,42,76092-5948,McKinney,0,football,boys,17-18,Varsity,Southlake,TX,Team_1_Win, Playoff,Home ,"Fri, 11/17",7:30pm
321,Southlake Carroll,33,76092-5948,DeSoto,15,football,boys,17-18,Varsity,Southlake,TX,Team_1_Win, Playoff,TBA ,"Sat, 11/25",7:00pm
322,Southlake Carroll,28,76092-5948,Arlington,24,football,boys,17-18,Varsity,Southlake,TX,Team_1_Win, Playoff,TBA ,"Sat, 12/2",7:00pm
323,Southlake Carroll,42,76092-5948,MidwayWaco,28,football,boys,17-18,Varsity,Southlake,TX,Team_1_Win, Playoff,TBA ,"Sat, 12/9",6:00pm
324,St. Pius X,56,77091-5699,Sealy,13,football,boys,17-18,Varsity,Houston,TX,Team_1_Win, Non-District,Away ,"Fri, 9/8",7:30pm
325,St. Pius X,58,77091-5699,College Station,41,football,boys,17-18,Varsity,Houston,TX,Team_1_Win, Non-District,Away ,"Fri, 9/15",7:30pm
326,St. Pius X,69,77091-5699,ChavezHouston,14,football,boys,17-18,Varsity,Houston,TX,Team_1_Win, Non-District,Home ,"Fri, 9/22",7:30pm
327,St. Pius X,49,77091-5699,RudderBryan,0,football,boys,17-18,Varsity,Houston,TX,Team_1_Win, Non-District,Home ,"Fri, 9/29",7:30pm
328,St. Pius X,49,77091-5699,All SaintsFort Worth,37,football,boys,17-18,Varsity,Houston,TX,Team_1_Win, Non-District,Away ,"Fri, 10/20",7:00pm
329,St. Pius X,53,77091-5699,Concordia LutheranTomball,42,football,boys,17-18,Varsity,Houston,TX,Team_1_Win, District,Away ,"Fri, 10/27",7:00pm
330,St. Pius X,62,77091-5699,Kelly CatholicBeaumont,14,football,boys,17-18,Varsity,Houston,TX,Team_1_Win, District,Home ,"Fri, 11/3",7:30pm
331,St. Pius X,56,77091-5699,St. Thomas CatholicHouston,14,football,boys,17-18,Varsity,Houston,TX,Team_1_Win, District,Home ,"Fri, 11/10",7:30pm
332,St. Pius X,56,77091-5699,Antonian PrepSan Antonio,12,football,boys,17-18,Varsity,Houston,TX,Team_1_Win, Playoff,Home ,"Fri, 11/17",7:00pm
333,St. Pius X,35,77091-5699,Bishop DunneDallas,28,football,boys,17-18,Varsity,Houston,TX,Team_1_Win, Playoff,TBA ,"Sat, 11/25",2:00pm
334,St. Pius X,34,77091-5699,Bishop LynchDallas,15,football,boys,17-18,Varsity,Houston,TX,Team_1_Win, Playoff,TBA ,"Sat, 12/2",6:00pm
335,St. Pius X,42,77091-5699,Prestonwood ChristianPlano,41,football,boys,17-18,Varsity,Houston,TX,Team_1_Win, Playoff,TBA ,"Sat, 12/9",7:00pm
336,Mansfield,26,76063-5800,Mansfield SummitArlington,6,football,boys,17-18,Varsity,Mansfield,TX,Team_1_Win, Non-District,Away ,"Fri, 9/1",7:30pm
337,Mansfield,38,76063-5800,Cedar Hill,21,football,boys,17-18,Varsity,Mansfield,TX,Team_1_Win, Non-District,Home ,"Fri, 9/8",7:30pm
338,Mansfield,31,76063-5800,MarcusFlower Mound,14,football,boys,17-18,Varsity,Mansfield,TX,Team_1_Win, Non-District,Home ,"Fri, 9/15",7:30pm
339,Mansfield,51,76063-5800,PaschalFort Worth,0,football,boys,17-18,Varsity,Mansfield,TX,Team_1_Win, District,Home ,"Fri, 9/29",7:30pm
340,Mansfield,34,76063-5800,Arlington,13,football,boys,17-18,Varsity,Mansfield,TX,Team_1_Win, District,Away ,"Fri, 10/6",7:30pm
341,Mansfield,27,76063-5800,MartinArlington,16,football,boys,17-18,Varsity,Mansfield,TX,Team_1_Win, District,Home ,"Fri, 10/13",7:30pm
342,Mansfield,30,76063-5800,LamarArlington,7,football,boys,17-18,Varsity,Mansfield,TX,Team_1_Win, District,Away ,"Fri, 10/20",7:30pm
343,Mansfield,34,76063-5800,Sam HoustonArlington,0,football,boys,17-18,Varsity,Mansfield,TX,Team_1_Win, District,Home ,"Thu, 10/26",7:00pm
344,Mansfield,55,76063-5800,BowieArlington,7,football,boys,17-18,Varsity,Mansfield,TX,Team_1_Win, District,Away ,"Fri, 11/3",7:30pm
345,Mansfield,31,76063-5800,North CrowleyFort Worth,12,football,boys,17-18,Varsity,Mansfield,TX,Team_1_Win, District,Home ,"Thu, 11/9",7:00pm
346,Mansfield,42,76063-5800,Keller CentralKeller,3,football,boys,17-18,Varsity,Mansfield,TX,Team_1_Win, Playoff,Home ,"Fri, 11/17",7:30pm
347,Mansfield,55,76063-5800,San Angelo CentralSan Angelo,37,football,boys,17-18,Varsity,Mansfield,TX,Team_1_Win, Playoff,Home ,"Fri, 11/24",7:00pm
348,Mansfield,48,76063-5800,MidwayWaco,17,football,boys,17-18,Varsity,Mansfield,TX,Team_1_Win, Playoff,TBA ,"Fri, 12/1",7:00pm
349,Newton,41,75966-0448,Silsbee,17,football,boys,17-18,Varsity,Newton,TX,Team_1_Win, Non-District,Home ,"Fri, 9/8",7:30pm
350,Newton,40,75966-0448,Diboll,20,football,boys,17-18,Varsity,Newton,TX,Team_1_Win, Non-District,Home ,"Fri, 9/15",7:30pm
351,Newton,55,75966-0448,Bridge City,14,football,boys,17-18,Varsity,Newton,TX,Team_1_Win, Non-District,Away ,"Fri, 9/22",7:30pm
352,Newton,60,75966-0448,East ChambersWinnie,17,football,boys,17-18,Varsity,Newton,TX,Team_1_Win, Non-District,Home ,"Fri, 9/29",7:30pm
353,Newton,71,75966-0448,Crockett,8,football,boys,17-18,Varsity,Newton,TX,Team_1_Win, District,Away ,"Fri, 10/13",7:30pm
354,Newton,58,75966-0448,Garrison,0,football,boys,17-18,Varsity,Newton,TX,Team_1_Win, District,Home ,"Fri, 10/20",7:30pm
355,Newton,52,75966-0448,Corrigan-CamdenCorrigan,0,football,boys,17-18,Varsity,Newton,TX,Team_1_Win, District,Away ,"Fri, 10/27",7:30pm
356,Newton,75,75966-0448,Hemphill,0,football,boys,17-18,Varsity,Newton,TX,Team_1_Win, District,Home ,"Fri, 11/3",7:30pm
357,Newton,47,75966-0448,Frankston,0,football,boys,17-18,Varsity,Newton,TX,Team_1_Win, District,Away ,"Fri, 11/10",7:30pm
358,Newton,58,75966-0448,Arp,0,football,boys,17-18,Varsity,Newton,TX,Team_1_Win, Playoff,TBA ,"Thu, 11/16",7:30pm
359,Newton,65,75966-0448,Rice,11,football,boys,17-18,Varsity,Newton,TX,Team_1_Win, Playoff,TBA ,"Fri, 11/24",3:00pm
360,Newton,21,75966-0448,West RuskNew London,7,football,boys,17-18,Varsity,Newton,TX,Team_1_Win, Playoff,TBA ,"Fri, 12/1",7:30pm
361,Newton,45,75966-0448,Waskom,6,football,boys,17-18,Varsity,Newton,TX,Team_1_Win, Playoff,TBA ,"Fri, 12/8",7:30pm
362,Newton,55,75966-0448,Boling,28,football,boys,17-18,Varsity,Newton,TX,Team_1_Win, Playoff,TBA ,"Fri, 12/15",7:30pm
363,Newton,40,75966-0448,Gunter,16,football,boys,17-18,Varsity,Newton,TX,Team_1_Win, Playoff,TBA ,"Thu, 12/21",7:00pm
