North Tahoe ,Silver Stage,15-0,"Tue, 3/13",L,Away • League,4:00pm,silver-springs,NV,"2945 Polaris Rd, Tahoe City, CA, 96161"
North Tahoe ,White Pine,20-0,"Fri, 3/23",L,Away • League,4:00pm,ely,NV,"2945 Polaris Rd, Tahoe City, CA, 96161"
North Tahoe ,White Pine,18-2,"Sat, 3/24",L,Home • League,10:00am,ely,NV,"2945 Polaris Rd, Tahoe City, CA, 96161"
North Tahoe ,White Pine,18-4,"Sat, 3/24",L,Away • League,4:00pm,ely,NV,"2945 Polaris Rd, Tahoe City, CA, 96161"
North Tahoe ,Incline,20-2,"Tue, 3/27",L,Home • League,4:00pm,incline-village,NV,"2945 Polaris Rd, Tahoe City, CA, 96161"
North Tahoe ,Incline,13-0,"Sat, 3/31",L,Away • League,10:00am,incline-village,NV,"2945 Polaris Rd, Tahoe City, CA, 96161"
North Tahoe ,Incline,19-4,"Sat, 3/31",L,Away • League,12:00pm,incline-village,NV,"2945 Polaris Rd, Tahoe City, CA, 96161"
North Tahoe ,Pershing County,16-0,"Tue, 4/3",L,Away • League,3:00pm,lovelock,NV,"2945 Polaris Rd, Tahoe City, CA, 96161"
North Tahoe ,Pershing County,15-0,"Tue, 4/3",L,Home • League,4:00pm,lovelock,NV,"2945 Polaris Rd, Tahoe City, CA, 96161"
North Tahoe ,Pershing County,16-0,"Tue, 4/3",L,Home • League,5:00pm,lovelock,NV,"2945 Polaris Rd, Tahoe City, CA, 96161"
North Tahoe ,Yerington,21-0,"Fri, 4/13",L,Home • League,2:00pm,yerington,NV,"2945 Polaris Rd, Tahoe City, CA, 96161"
North Tahoe ,Yerington,20-2,"Fri, 4/13",L,Home • League,4:00pm,yerington,NV,"2945 Polaris Rd, Tahoe City, CA, 96161"
North Tahoe ,Yerington,15-0,"Tue, 4/17",L,Away • League,4:00pm,yerington,NV,"2945 Polaris Rd, Tahoe City, CA, 96161"
North Tahoe ,West Wendover,17-5,"Fri, 4/20",L,Home • League,4:00pm,west-wendover,NV,"2945 Polaris Rd, Tahoe City, CA, 96161"
North Tahoe ,West Wendover,20-3,"Sat, 4/21",L,Home • League,10:00am,west-wendover,NV,"2945 Polaris Rd, Tahoe City, CA, 96161"
North Tahoe ,West Wendover,43-20,"Sat, 4/21",L,Home • League,12:00pm,west-wendover,NV,"2945 Polaris Rd, Tahoe City, CA, 96161"
North Tahoe ,Battle Mountain,21-1,"Fri, 4/27",L,Home • League,4:00pm,battle-mountain,NV,"2945 Polaris Rd, Tahoe City, CA, 96161"
North Tahoe ,Battle Mountain,20-0,"Sat, 4/28",L,Home • League,10:00am,battle-mountain,NV,"2945 Polaris Rd, Tahoe City, CA, 96161"
North Tahoe ,Battle Mountain,18-3,"Sat, 4/28",L,Home • League,12:00pm,battle-mountain,NV,"2945 Polaris Rd, Tahoe City, CA, 96161"
North Tahoe ,Silver Stage,nan-nan,"Mon, 5/7",NoScoreReported,Home • League,3:00pm,silver-springs,NV,"2945 Polaris Rd, Tahoe City, CA, 96161"
North Tahoe ,Silver Stage,nan-nan,"Mon, 5/7",NoScoreReported,Home • League,5:00pm,silver-springs,NV,"2945 Polaris Rd, Tahoe City, CA, 96161"
La Sierra Academy ,Apple Valley Christian,15-0,"Tue, 3/6",L,Away • Non-League,3:15pm,hesperia,CA,"4900 Golden Ave, Riverside, CA, 92505"
La Sierra Academy ,Redlands Adventist Academy,32-15,"Mon, 3/12",L,Home • Non-League,3:30pm,redlands,CA,"4900 Golden Ave, Riverside, CA, 92505"
La Sierra Academy ,California Lutheran,42-26,"Wed, 3/14",L,Home • League,3:30pm,wildomar,CA,"4900 Golden Ave, Riverside, CA, 92505"
La Sierra Academy ,Hamilton,20-8,"Tue, 3/20",L,Away • League,3:15pm,anza,CA,"4900 Golden Ave, Riverside, CA, 92505"
La Sierra Academy ,Redlands Adventist Academy,33-18,"Tue, 4/3",L,Away • Non-League,4:00pm,redlands,CA,"4900 Golden Ave, Riverside, CA, 92505"
La Sierra Academy ,United Christian Academy,14-1,"Mon, 4/9",L,Away • League,3:15pm,rancho-cucamonga,CA,"4900 Golden Ave, Riverside, CA, 92505"
La Sierra Academy ,Sherman Indian,29-11,"Wed, 4/11",L,Home • League,4:00pm,riverside,CA,"4900 Golden Ave, Riverside, CA, 92505"
La Sierra Academy ,Riverside Christian,30-0,"Wed, 4/18",L,Home • League,3:15pm,riverside,CA,"4900 Golden Ave, Riverside, CA, 92505"
La Sierra Academy ,California Lutheran,20-4,"Thu, 4/19",L,Away • League,3:15pm,wildomar,CA,"4900 Golden Ave, Riverside, CA, 92505"
La Sierra Academy ,California School for the Deaf-Riverside,23-9,"Wed, 4/25",L,Away • League,3:45pm,riverside,CA,"4900 Golden Ave, Riverside, CA, 92505"
La Sierra Academy ,Riverside Christian,31-0,"Mon, 4/30",L,Away • League,3:15pm,riverside,CA,"4900 Golden Ave, Riverside, CA, 92505"
La Sierra Academy ,United Christian Academy,18-4,"Thu, 5/3",L,Home • League,4:00pm,rancho-cucamonga,CA,"4900 Golden Ave, Riverside, CA, 92505"
La Sierra Academy ,Sherman Indian,24-0,"Tue, 5/8",L,Away • League,3:15pm,riverside,CA,"4900 Golden Ave, Riverside, CA, 92505"
La Sierra Academy ,California School for the Deaf-Riverside,29-8,"Wed, 5/9",L,Home • League,4:00pm,riverside,CA,"4900 Golden Ave, Riverside, CA, 92505"
La Sierra Academy ,Hamilton,27-15,"Thu, 5/10",L,Home • League,4:00pm,anza,CA,"4900 Golden Ave, Riverside, CA, 92505"
Whitney RVT ,Hillhouse,25-13,"Mon, 4/9",L,Away • Non-League,3:45pm,new-haven,CT,"71 Jones Rd, Hamden, CT, 06514"
Whitney RVT ,Abbott RVT,15-0,"Wed, 4/11",L,Away • Non-League,3:00pm,danbury,CT,"71 Jones Rd, Hamden, CT, 06514"
Whitney RVT ,O'Brien RVT,23-8,"Fri, 4/13",L,Away • League,3:45pm,ansonia,CT,"71 Jones Rd, Hamden, CT, 06514"
Whitney RVT ,Wilcox RVT,22-0,"Wed, 4/18",L,Home • Non-League,3:45pm,meriden,CT,"71 Jones Rd, Hamden, CT, 06514"
Whitney RVT ,Platt RVT,nan-nan,"Thu, 4/19",NoScoreReported,Home • League,11:30am,milford,CT,"71 Jones Rd, Hamden, CT, 06514"
Whitney RVT ,Platt RVT,nan-nan,"Thu, 4/19",NoScoreReported,Home • League,12:00pm,milford,CT,"71 Jones Rd, Hamden, CT, 06514"
Whitney RVT ,Platt RVT,nan-nan,"Thu, 4/19",NoScoreReported,Home • League,3:45pm,milford,CT,"71 Jones Rd, Hamden, CT, 06514"
Whitney RVT ,Platt RVT,21-0,"Fri, 4/20",L,Home • League,11:30am,milford,CT,"71 Jones Rd, Hamden, CT, 06514"
Whitney RVT ,Vinal RVT,26-3,"Mon, 4/23",L,Away • Non-League,3:45pm,middletown,CT,"71 Jones Rd, Hamden, CT, 06514"
Whitney RVT ,Vinal RVT,nan-nan,"Mon, 4/23",NoScoreReported,Away • Non-League,3:45pm,middletown,CT,"71 Jones Rd, Hamden, CT, 06514"
Whitney RVT ,Kaynor RVT,nan-nan,"Fri, 4/27",NoScoreReported,Away • Non-League,3:45pm,waterbury,CT,"71 Jones Rd, Hamden, CT, 06514"
Whitney RVT ,Hillhouse,nan-nan,"Mon, 4/30",NoScoreReported,Home • Non-League,3:45pm,new-haven,CT,"71 Jones Rd, Hamden, CT, 06514"
Whitney RVT ,Hillhouse,22-2,"Mon, 4/30",L,Home • Non-League,3:45pm,new-haven,CT,"71 Jones Rd, Hamden, CT, 06514"
Whitney RVT ,O'Brien RVT,nan-nan,"Wed, 5/2",NoScoreReported,Home • League,3:45pm,ansonia,CT,"71 Jones Rd, Hamden, CT, 06514"
Whitney RVT ,Kaynor RVT,nan-nan,"Thu, 5/3",NoScoreReported,Away • Non-League,3:45pm,waterbury,CT,"71 Jones Rd, Hamden, CT, 06514"
Whitney RVT ,Kaynor Tech,16-1,"Thu, 5/3",L,Away • League,3:45pm,waterbury,CT,"71 Jones Rd, Hamden, CT, 06514"
Whitney RVT ,Wilbur Cross,nan-nan,"Fri, 5/4",NoScoreReported,Home • Non-League,3:45pm,new-haven,CT,"71 Jones Rd, Hamden, CT, 06514"
Whitney RVT ,Wilbur Cross,24-2,"Fri, 5/4",L,Away • Non-League,3:45pm,new-haven,CT,"71 Jones Rd, Hamden, CT, 06514"
Whitney RVT ,Wilcox RVT,17-0,"Mon, 5/7",L,Away • Non-League,3:45pm,meriden,CT,"71 Jones Rd, Hamden, CT, 06514"
Whitney RVT ,Wilcox RVT,nan-nan,"Mon, 5/7",NoScoreReported,Away • Non-League,3:45pm,meriden,CT,"71 Jones Rd, Hamden, CT, 06514"
Whitney RVT ,Platt RVT,nan-nan,"Wed, 5/9",NoScoreReported,Away • League,3:45pm,milford,CT,"71 Jones Rd, Hamden, CT, 06514"
Whitney RVT ,Platt RVT,22-1,"Wed, 5/9",L,Away • League,3:45pm,milford,CT,"71 Jones Rd, Hamden, CT, 06514"
Whitney RVT ,Bullard-Havens,14-10,"Thu, 5/10",L,Away • League,3:45pm,bridgeport,CT,"71 Jones Rd, Hamden, CT, 06514"
Whitney RVT ,Bullard-Havens,nan-nan,"Fri, 5/11",NoScoreReported,Away • League,3:45pm,bridgeport,CT,"71 Jones Rd, Hamden, CT, 06514"
Whitney RVT ,Bullard-Havens,19-17,"Mon, 5/14",W,Home • League,3:45pm,bridgeport,CT,"71 Jones Rd, Hamden, CT, 06514"
Whitney RVT ,Wolcott RVT,16-0,"Wed, 5/16",L,Home • League,6:30pm,torrington,CT,"71 Jones Rd, Hamden, CT, 06514"
Whitney RVT ,Vinal RVT,nan-nan,"Fri, 5/18",NoScoreReported,Home • Non-League,3:45pm,middletown,CT,"71 Jones Rd, Hamden, CT, 06514"
Whitney RVT ,Vinal RVT,23-7,"Fri, 5/18",L,Home • Non-League,3:45pm,middletown,CT,"71 Jones Rd, Hamden, CT, 06514"
Red Mesa ,Rock Point,12-10,"Thu, 3/1",L,Away • Section,12:00pm,rock-point,AZ,"N. Hwy 160, Teec Nos Pos, AZ, 86514"
Red Mesa ,Rock Point,10-9,"Thu, 3/1",W,Away • Section,2:00pm,rock-point,AZ,"N. Hwy 160, Teec Nos Pos, AZ, 86514"
Red Mesa ,Ganado,22-2,"Tue, 3/6",L,Away • Non-Section,2:00pm,ganado,AZ,"N. Hwy 160, Teec Nos Pos, AZ, 86514"
Red Mesa ,Ganado,12-2,"Tue, 3/6",L,Away • Non-Section,4:00pm,ganado,AZ,"N. Hwy 160, Teec Nos Pos, AZ, 86514"
Red Mesa ,Monument Valley,26-0,"Tue, 3/13",L,Home • Non-Section,2:30pm,kayenta,AZ,"N. Hwy 160, Teec Nos Pos, AZ, 86514"
Red Mesa ,Rock Point,18-7,"Thu, 3/15",L,Home • Section,1:00pm,rock-point,AZ,"N. Hwy 160, Teec Nos Pos, AZ, 86514"
Red Mesa ,Rock Point,20-15,"Thu, 3/15",L,Home • Section,3:00pm,rock-point,AZ,"N. Hwy 160, Teec Nos Pos, AZ, 86514"
Red Mesa ,Window Rock,26-1,"Tue, 3/27",L,Home • Non-Section,4:00pm,fort-defiance,AZ,"N. Hwy 160, Teec Nos Pos, AZ, 86514"
Red Mesa ,Greyhills Academy,17-2,"Fri, 3/30",L,Away • Section,2:00pm,tuba-city,AZ,"N. Hwy 160, Teec Nos Pos, AZ, 86514"
Red Mesa ,Greyhills Academy,15-5,"Fri, 3/30",L,Away • Section,4:00pm,tuba-city,AZ,"N. Hwy 160, Teec Nos Pos, AZ, 86514"
Red Mesa ,Fredonia,20-12,"Fri, 4/6",W,Home • Section,2:00pm,fredonia,AZ,"N. Hwy 160, Teec Nos Pos, AZ, 86514"
Red Mesa ,Fredonia,13-3,"Fri, 4/6",W,Home • Section,4:00pm,fredonia,AZ,"N. Hwy 160, Teec Nos Pos, AZ, 86514"
Red Mesa ,Northwest,17-13,"Wed, 4/11",L,Home • Non-Section,3:00pm,shiprock,NM,"N. Hwy 160, Teec Nos Pos, AZ, 86514"
Red Mesa ,Northwest,5-4,"Wed, 4/11",L,Home • Non-Section,4:00pm,shiprock,NM,"N. Hwy 160, Teec Nos Pos, AZ, 86514"
Red Mesa ,St. Michael,15-4,"Mon, 4/16",L,Home • Section,2:00pm,st-michaels,AZ,"N. Hwy 160, Teec Nos Pos, AZ, 86514"
Red Mesa ,St. Michael,17-4,"Mon, 4/16",L,Home • Section,4:00pm,st-michaels,AZ,"N. Hwy 160, Teec Nos Pos, AZ, 86514"
The Meadows School ,Sandy Valley,15-4,"Fri, 3/9",L,Neutral • Tournament,9:15am,sandy-valley,NV,"8601 Scholar Ln, Las Vegas, NV, 89128"
The Meadows School ,Sandy Valley,12-6,"Fri, 3/9",L,Home • Non-League,9:15am,sandy-valley,NV,"8601 Scholar Ln, Las Vegas, NV, 89128"
The Meadows School ,West Wendover,7-6,"Fri, 3/9",L,Neutral • Tournament,1:00pm,west-wendover,NV,"8601 Scholar Ln, Las Vegas, NV, 89128"
The Meadows School ,Western,24-9,"Mon, 3/12",L,Away • Non-League,3:30pm,las-vegas,NV,"8601 Scholar Ln, Las Vegas, NV, 89128"
The Meadows School ,Skyline,15-5,"Fri, 3/16",L,Neutral • Non-League,11:15am,salt-lake-city,UT,"8601 Scholar Ln, Las Vegas, NV, 89128"
The Meadows School ,Judge Memorial,17-1,"Fri, 3/16",L,Away • Non-League,12:30pm,salt-lake-city,UT,"8601 Scholar Ln, Las Vegas, NV, 89128"
The Meadows School ,Green Canyon,17-2,"Fri, 3/16",L,Neutral • Non-League,6:00pm,north-logan,UT,"8601 Scholar Ln, Las Vegas, NV, 89128"
The Meadows School ,Northridge,25-7,"Sat, 3/17",L,Away • Non-League,Time TBA,layton,UT,"8601 Scholar Ln, Las Vegas, NV, 89128"
The Meadows School ,North Summit,25-7,"Sat, 3/17",L,Neutral • Non-League,11:15am,coalville,UT,"8601 Scholar Ln, Las Vegas, NV, 89128"
The Meadows School ,Parowan,17-0,"Sat, 3/17",L,Neutral • Non-League,1:30pm,parowan,UT,"8601 Scholar Ln, Las Vegas, NV, 89128"
The Meadows School ,Laughlin,20-2,"Thu, 3/22",L,Neutral • League,1:00pm,laughlin,NV,"8601 Scholar Ln, Las Vegas, NV, 89128"
The Meadows School ,Laughlin,30-12,"Thu, 3/22",L,Home • League,3:00pm,laughlin,NV,"8601 Scholar Ln, Las Vegas, NV, 89128"
The Meadows School ,Democracy Prep Agassi Campus,20-3,"Tue, 4/10",W,Home • League,5:00pm,las-vegas,NV,"8601 Scholar Ln, Las Vegas, NV, 89128"
The Meadows School ,Democracy Prep Agassi Campus,26-7,"Tue, 4/10",W,Home • League,5:00pm,las-vegas,NV,"8601 Scholar Ln, Las Vegas, NV, 89128"
The Meadows School ,Lake Mead Academy,20-3,"Mon, 4/16",L,Home • League,4:00pm,henderson,NV,"8601 Scholar Ln, Las Vegas, NV, 89128"
The Meadows School ,Lake Mead Academy,20-3,"Mon, 4/16",L,Home • League,5:00pm,henderson,NV,"8601 Scholar Ln, Las Vegas, NV, 89128"
The Meadows School ,Needles,23-0,"Fri, 4/20",L,Home • League,3:00pm,needles,CA,"8601 Scholar Ln, Las Vegas, NV, 89128"
The Meadows School ,Mountain View Christian,17-10,"Tue, 4/24",L,Away • League,1:00pm,las-vegas,NV,"8601 Scholar Ln, Las Vegas, NV, 89128"
The Meadows School ,Mountain View Christian,15-13,"Tue, 4/24",W,Home • League,3:00pm,las-vegas,NV,"8601 Scholar Ln, Las Vegas, NV, 89128"
The Meadows School ,Calvary Chapel Christian,21-7,"Fri, 4/27",L,Neutral • League,1:00pm,las-vegas,NV,"8601 Scholar Ln, Las Vegas, NV, 89128"
The Meadows School ,Calvary Chapel Christian,18-3,"Fri, 4/27",W,Away • League,3:00pm,las-vegas,NV,"8601 Scholar Ln, Las Vegas, NV, 89128"
The Meadows School ,Lincoln County,21-0,"Fri, 5/4",L,Away • League,11:00am,panaca,NV,"8601 Scholar Ln, Las Vegas, NV, 89128"
The Meadows School ,Lincoln County,20-1,"Fri, 5/4",L,Away • League,1:00pm,panaca,NV,"8601 Scholar Ln, Las Vegas, NV, 89128"
Springfield Renaissance ,Sci-Tech,nan-nan,"Mon, 4/2",NoScoreReported,Home • League,4:00pm,springfield,MA,"1170 Carew St, Springfield, MA, 01104"
Springfield Renaissance ,Smith Academy,nan-nan,"Wed, 4/4",NoScoreReported,Home • Non-League,4:00pm,hatfield,MA,"1170 Carew St, Springfield, MA, 01104"
Springfield Renaissance ,Sci-Tech,22-10,"Thu, 4/5",W,Home • League,4:00pm,springfield,MA,"1170 Carew St, Springfield, MA, 01104"
Springfield Renaissance ,Smith Academy,28-1,"Mon, 4/9",L,Home • Non-League,4:00pm,hatfield,MA,"1170 Carew St, Springfield, MA, 01104"
Springfield Renaissance ,Westfield Technical Academy,nan-nan,"Tue, 4/10",NoScoreReported,Away • League,4:00pm,westfield,MA,"1170 Carew St, Springfield, MA, 01104"
Springfield Renaissance ,Westfield Technical Academy,18-7,"Wed, 4/11",L,Away • League,4:00pm,westfield,MA,"1170 Carew St, Springfield, MA, 01104"
Springfield Renaissance ,Commerce,15-3,"Fri, 4/13",L,Home • League,4:00pm,springfield,MA,"1170 Carew St, Springfield, MA, 01104"
Springfield Renaissance ,Franklin County Tech,23-22,"Tue, 4/17",W,Home • League,4:00pm,turners-falls,MA,"1170 Carew St, Springfield, MA, 01104"
Springfield Renaissance ,Pathfinder RVT,nan-nan,"Fri, 4/20",NoScoreReported,Away • League,11:00am,palmer,MA,"1170 Carew St, Springfield, MA, 01104"
Springfield Renaissance ,Pathfinder RVT,nan-nan,"Fri, 4/20",NoScoreReported,Away • League,4:00pm,palmer,MA,"1170 Carew St, Springfield, MA, 01104"
Springfield Renaissance ,Sci-Tech,23-10,"Mon, 4/23",L,Away • League,4:00pm,springfield,MA,"1170 Carew St, Springfield, MA, 01104"
Springfield Renaissance ,Belchertown,nan-nan,"Wed, 4/25",NoScoreReported,Away • Non-League,4:00pm,belchertown,MA,"1170 Carew St, Springfield, MA, 01104"
Springfield Renaissance ,Belchertown,24-4,"Thu, 4/26",L,Away • Non-League,4:00pm,belchertown,MA,"1170 Carew St, Springfield, MA, 01104"
Springfield Renaissance ,Smith Vo-Tech,nan-nan,"Fri, 4/27",NoScoreReported,Home • League,4:00pm,northampton,MA,"1170 Carew St, Springfield, MA, 01104"
Springfield Renaissance ,Sabis International,20-0,"Mon, 4/30",L,Home • Non-League,4:00pm,springfield,MA,"1170 Carew St, Springfield, MA, 01104"
Springfield Renaissance ,Gateway Regional,nan-nan,"Tue, 5/1",NoScoreReported,Home • League,4:00pm,huntington,MA,"1170 Carew St, Springfield, MA, 01104"
Springfield Renaissance ,Westfield Technical Academy,17-3,"Thu, 5/3",L,Home • League,4:00pm,westfield,MA,"1170 Carew St, Springfield, MA, 01104"
Springfield Renaissance ,Commerce,17-1,"Wed, 5/9",L,Away • League,4:00pm,springfield,MA,"1170 Carew St, Springfield, MA, 01104"
Springfield Renaissance ,Franklin County Tech,23-11,"Fri, 5/11",L,Away • League,4:00pm,turners-falls,MA,"1170 Carew St, Springfield, MA, 01104"
Springfield Renaissance ,Pathfinder RVT,nan-nan,"Mon, 5/14",NoScoreReported,Away • League,4:00pm,palmer,MA,"1170 Carew St, Springfield, MA, 01104"
Springfield Renaissance ,Pathfinder RVT,nan-nan,"Tue, 5/15",NoScoreReported,Home • League,4:00pm,palmer,MA,"1170 Carew St, Springfield, MA, 01104"
Springfield Renaissance ,Pathfinder RVT,16-3,"Wed, 5/16",L,Home • League,3:00pm,palmer,MA,"1170 Carew St, Springfield, MA, 01104"
Springfield Renaissance ,Holyoke,17-2,"Thu, 5/17",L,Home • Non-League,4:30pm,holyoke,MA,"1170 Carew St, Springfield, MA, 01104"
Springfield Renaissance ,Pathfinder RVT,nan-nan,"Mon, 5/21",NoScoreReported,Away • League,4:00pm,palmer,MA,"1170 Carew St, Springfield, MA, 01104"
Springfield Renaissance ,Smith Vo-Tech,nan-nan,"Tue, 5/22",NoScoreReported,Away • League,4:00pm,northampton,MA,"1170 Carew St, Springfield, MA, 01104"
Springfield Renaissance ,Smith Vo-Tech,20-2,"Thu, 5/24",L,Away • League,4:00pm,northampton,MA,"1170 Carew St, Springfield, MA, 01104"
Springfield Renaissance ,Gateway Regional,17-0,"Fri, 5/25",L,Away • League,4:00pm,huntington,MA,"1170 Carew St, Springfield, MA, 01104"
Strathmore ,Parlier,16-0,"Tue, 2/20",L,Home • Tournament,3:30pm,parlier,CA,"22568 Ave 196, Strathmore, CA, Strathmore, CA, 93267"
Strathmore ,Farmersville,14-1,"Thu, 2/22",L,Neutral • Tournament,3:30pm,farmersville,CA,"22568 Ave 196, Strathmore, CA, Strathmore, CA, 93267"
Strathmore ,Porterville,18-2,"Sat, 2/24",L,Home • Tournament,11:00am,porterville,CA,"22568 Ave 196, Strathmore, CA, Strathmore, CA, 93267"
Strathmore ,Porterville,25-5,"Thu, 3/1",L,Home • Non-League,4:00pm,porterville,CA,"22568 Ave 196, Strathmore, CA, Strathmore, CA, 93267"
Strathmore ,Caruthers,15-3,"Tue, 3/6",L,Away • Non-League,4:00pm,caruthers,CA,"22568 Ave 196, Strathmore, CA, Strathmore, CA, 93267"
Strathmore ,Sierra Pacific,24-0,"Wed, 3/14",L,Home • League,4:00pm,hanford,CA,"22568 Ave 196, Strathmore, CA, Strathmore, CA, 93267"
Strathmore ,Corcoran,13-3,"Fri, 3/16",L,Away • League,4:00am,corcoran,CA,"22568 Ave 196, Strathmore, CA, Strathmore, CA, 93267"
Strathmore ,Granite Hills,16-1,"Wed, 3/28",L,Home • League,4:00pm,porterville,CA,"22568 Ave 196, Strathmore, CA, Strathmore, CA, 93267"
Strathmore ,Woodlake,24-9,"Wed, 4/4",L,Home • League,4:00pm,woodlake,CA,"22568 Ave 196, Strathmore, CA, Strathmore, CA, 93267"
Strathmore ,Lindsay,25-1,"Fri, 4/6",L,Home • League,4:00pm,lindsay,CA,"22568 Ave 196, Strathmore, CA, Strathmore, CA, 93267"
Strathmore ,Sierra Pacific,21-3,"Wed, 4/11",L,Away • League,4:00pm,hanford,CA,"22568 Ave 196, Strathmore, CA, Strathmore, CA, 93267"
Strathmore ,Granite Hills,nan-nan,"Fri, 4/13",NoScoreReported,Away • League,4:00am,porterville,CA,"22568 Ave 196, Strathmore, CA, Strathmore, CA, 93267"
Strathmore ,Granite Hills,nan-nan,"Fri, 4/13",NoScoreReported,Away • League,4:30pm,porterville,CA,"22568 Ave 196, Strathmore, CA, Strathmore, CA, 93267"
Strathmore ,Corcoran,16-6,"Wed, 4/18",L,Home • League,4:00pm,corcoran,CA,"22568 Ave 196, Strathmore, CA, Strathmore, CA, 93267"
Strathmore ,Woodlake,24-1,"Fri, 4/20",L,Away • League,4:00pm,woodlake,CA,"22568 Ave 196, Strathmore, CA, Strathmore, CA, 93267"
Strathmore ,Lindsay,18-0,"Wed, 4/25",L,Away • League,4:00am,lindsay,CA,"22568 Ave 196, Strathmore, CA, Strathmore, CA, 93267"
Strathmore ,Lindsay,nan-nan,"Wed, 4/25",NoScoreReported,Away • League,4:00pm,lindsay,CA,"22568 Ave 196, Strathmore, CA, Strathmore, CA, 93267"
Strathmore ,Sierra Pacific,17-0,"Fri, 4/27",L,Home • League,4:00pm,hanford,CA,"22568 Ave 196, Strathmore, CA, Strathmore, CA, 93267"
Strathmore ,Granite Hills,nan-nan,"Wed, 5/2",NoScoreReported,Home • League,4:00pm,porterville,CA,"22568 Ave 196, Strathmore, CA, Strathmore, CA, 93267"
Strathmore ,Corcoran,20-6,"Fri, 5/4",L,Away • League,4:00am,corcoran,CA,"22568 Ave 196, Strathmore, CA, Strathmore, CA, 93267"
Strathmore ,Woodlake,29-2,"Wed, 5/9",L,Home • League,4:00pm,woodlake,CA,"22568 Ave 196, Strathmore, CA, Strathmore, CA, 93267"
Strathmore ,Lindsay,nan-nan,"Fri, 5/11",NoScoreReported,Home • League,4:00pm,lindsay,CA,"22568 Ave 196, Strathmore, CA, Strathmore, CA, 93267"
Leroy Greene Academy ,Encina Prep,19-9,"Wed, 2/28",L,Home • Non-League,3:30pm,sacramento,CA,"2950 West River Drive, Sacramento, CA, 95833"
Leroy Greene Academy ,Natomas,11-3,"Tue, 3/6",L,Away • Non-League,3:30pm,sacramento,CA,"2950 West River Drive, Sacramento, CA, 95833"
Leroy Greene Academy ,Florin,9-5,"Thu, 3/8",L,Away • Non-League,3:30pm,sacramento,CA,"2950 West River Drive, Sacramento, CA, 95833"
Leroy Greene Academy ,Sacramento Country Day,(FF),"Tue, 3/20",W,Away • League,3:30pm,sacramento,CA,"2950 West River Drive, Sacramento, CA, 95833"
Leroy Greene Academy ,Valley Christian,23-9,"Fri, 3/23",L,Home • League,3:30pm,roseville,CA,"2950 West River Drive, Sacramento, CA, 95833"
Leroy Greene Academy ,Buckingham Charter,15-4,"Fri, 3/30",L,Home • League,3:30pm,vacaville,CA,"2950 West River Drive, Sacramento, CA, 95833"
Leroy Greene Academy ,Faith Christian,25-21,"Tue, 4/10",L,Home • League,3:30pm,yuba-city,CA,"2950 West River Drive, Sacramento, CA, 95833"
Leroy Greene Academy ,Alpha Charter,15-7,"Thu, 4/12",L,Away • League,3:30pm,elverta,CA,"2950 West River Drive, Sacramento, CA, 95833"
Leroy Greene Academy ,Sacramento Adventist,11-1,"Tue, 4/17",L,Away • League,4:00pm,carmichael,CA,"2950 West River Drive, Sacramento, CA, 95833"
Leroy Greene Academy ,Sacramento Country Day,(FF),"Thu, 4/19",W,Home • League,3:30pm,sacramento,CA,"2950 West River Drive, Sacramento, CA, 95833"
Leroy Greene Academy ,Sacramento Adventist,20-8,"Mon, 4/23",W,Home • League,3:30pm,carmichael,CA,"2950 West River Drive, Sacramento, CA, 95833"
Leroy Greene Academy ,Buckingham Charter,16-6,"Tue, 4/24",L,Away • League,4:00pm,vacaville,CA,"2950 West River Drive, Sacramento, CA, 95833"
Leroy Greene Academy ,Valley Christian,14-13,"Thu, 4/26",L,Away • League,3:30pm,roseville,CA,"2950 West River Drive, Sacramento, CA, 95833"
Leroy Greene Academy ,Western Sierra Collegiate Academy,24-15,"Fri, 4/27",L,Home • League,3:30pm,rocklin,CA,"2950 West River Drive, Sacramento, CA, 95833"
Leroy Greene Academy ,Western Sierra Collegiate Academy,12-5,"Tue, 5/1",L,Away • League,5:00pm,rocklin,CA,"2950 West River Drive, Sacramento, CA, 95833"
Leroy Greene Academy ,Faith Christian,20-5,"Thu, 5/3",L,Away • League,4:00pm,yuba-city,CA,"2950 West River Drive, Sacramento, CA, 95833"
Leroy Greene Academy ,Alpha Charter,14-7,"Mon, 5/7",L,Home • League,4:00pm,elverta,CA,"2950 West River Drive, Sacramento, CA, 95833"
Samueli Academy ,Magnolia,18-1,"Sat, 2/24",L,Neutral • Tournament,9:00am,anaheim,CA,"1901 N. Fairview St., Santa Ana, CA, 92706"
Samueli Academy ,Corona del Mar,25-1,"Sat, 2/24",L,Neutral • Tournament,11:00am,newport-beach,CA,"1901 N. Fairview St., Santa Ana, CA, 92706"
Samueli Academy ,Estancia,12-0,"Wed, 3/7",L,Home • Non-League,3:15pm,costa-mesa,CA,"1901 N. Fairview St., Santa Ana, CA, 92706"
Samueli Academy ,Ganesha,19-0,"Fri, 3/9",L,Away • Non-League,3:30pm,pomona,CA,"1901 N. Fairview St., Santa Ana, CA, 92706"
Samueli Academy ,Estancia,10-0,"Wed, 3/14",L,Away • Non-League,3:15pm,costa-mesa,CA,"1901 N. Fairview St., Santa Ana, CA, 92706"
Samueli Academy ,Whitney,19-5,"Tue, 3/20",L,Home • Non-League,3:00pm,cerritos,CA,"1901 N. Fairview St., Santa Ana, CA, 92706"
Samueli Academy ,Brethren Christian,nan-nan,"Thu, 3/22",NoScoreReported,Away • Non-League,3:15pm,huntington-beach,CA,"1901 N. Fairview St., Santa Ana, CA, 92706"
Samueli Academy ,Southlands Christian,27-0,"Mon, 3/26",L,Away • Non-League,3:30pm,rowland-heights,CA,"1901 N. Fairview St., Santa Ana, CA, 92706"
Samueli Academy ,Brethren Christian,nan-nan,"Wed, 3/28",NoScoreReported,Home • Non-League,3:15pm,huntington-beach,CA,"1901 N. Fairview St., Santa Ana, CA, 92706"
Samueli Academy ,Connelly,13-0,"Thu, 3/29",L,Home • League,3:00pm,anaheim,CA,"1901 N. Fairview St., Santa Ana, CA, 92706"
Samueli Academy ,Orangewood Academy,18-5,"Fri, 4/6",L,Home • League,4:00pm,garden-grove,CA,"1901 N. Fairview St., Santa Ana, CA, 92706"
Samueli Academy ,Eastside Christian,23-2,"Tue, 4/10",L,Away • League,2:30pm,fullerton,CA,"1901 N. Fairview St., Santa Ana, CA, 92706"
Samueli Academy ,Lutheran,20-0,"Tue, 4/17",L,Away • League,3:30pm,la-verne,CA,"1901 N. Fairview St., Santa Ana, CA, 92706"
Samueli Academy ,Capistrano Valley Christian,21-1,"Fri, 4/20",L,Home • League,3:00pm,san-juan-capistrano,CA,"1901 N. Fairview St., Santa Ana, CA, 92706"
Samueli Academy ,Connelly,15-1,"Mon, 4/23",L,Away • League,3:00pm,anaheim,CA,"1901 N. Fairview St., Santa Ana, CA, 92706"
Samueli Academy ,Valley Christian,21-0,"Thu, 4/26",L,Away • Non-League,3:15pm,cerritos,CA,"1901 N. Fairview St., Santa Ana, CA, 92706"
Samueli Academy ,Eastside Christian,24-2,"Fri, 4/27",L,Home • League,3:00pm,fullerton,CA,"1901 N. Fairview St., Santa Ana, CA, 92706"
Samueli Academy ,Orangewood Academy,14-1,"Tue, 5/1",L,Away • League,4:30pm,garden-grove,CA,"1901 N. Fairview St., Santa Ana, CA, 92706"
Samueli Academy ,Capistrano Valley Christian,18-2,"Tue, 5/8",L,Away • League,3:15pm,san-juan-capistrano,CA,"1901 N. Fairview St., Santa Ana, CA, 92706"
Samueli Academy ,Lutheran,14-13 (8XI),"Wed, 5/9",L,Home • League,3:00pm,la-verne,CA,"1901 N. Fairview St., Santa Ana, CA, 92706"
Varnado ,Mt. Hermon,nan-nan,"Fri, 2/16",NoScoreReported,Away • Non-District,3:45pm,mt-hermon,LA,"25543 Washington St, Angie, LA, 70426"
Varnado ,Pine,nan-nan,"Fri, 2/16",NoScoreReported,Away • Non-District,5:00pm,franklinton,LA,"25543 Washington St, Angie, LA, 70426"
Varnado ,Pine,17-0,"Thu, 2/22",L,Away • Non-District,5:00pm,franklinton,LA,"25543 Washington St, Angie, LA, 70426"
Varnado ,Mt. Hermon,nan-nan,"Fri, 2/23",NoScoreReported,Away • Non-District,3:30pm,mt-hermon,LA,"25543 Washington St, Angie, LA, 70426"
Varnado ,Mt. Hermon,nan-nan,"Fri, 2/23",NoScoreReported,Away • Non-District,4:00pm,mt-hermon,LA,"25543 Washington St, Angie, LA, 70426"
Varnado ,Mt. Hermon,nan-nan,"Mon, 2/26",NoScoreReported,Away • Non-District,4:00pm,mt-hermon,LA,"25543 Washington St, Angie, LA, 70426"
Varnado ,Houma Christian,15-0,"Thu, 3/1",L,Away • District,4:00pm,houma,LA,"25543 Washington St, Angie, LA, 70426"
Varnado ,Houma Christian,22-2,"Thu, 3/1",L,Away • District,6:00pm,houma,LA,"25543 Washington St, Angie, LA, 70426"
Varnado ,Grand Isle,24-9,"Fri, 3/2",L,Home • Non-District,3:30pm,grand-isle,LA,"25543 Washington St, Angie, LA, 70426"
Varnado ,Mt. Hermon,20-2,"Mon, 3/5",L,Away • Non-District,4:00pm,mt-hermon,LA,"25543 Washington St, Angie, LA, 70426"
Varnado ,Independence,nan-nan,"Tue, 3/6",NoScoreReported,Home • Non-District,4:00pm,independence,LA,"25543 Washington St, Angie, LA, 70426"
Varnado ,West St. John,27-1,"Thu, 3/8",L,Home • District,4:00pm,edgard,LA,"25543 Washington St, Angie, LA, 70426"
Varnado ,Grand Isle,nan-nan,"Fri, 3/9",NoScoreReported,Away • Non-District,4:30pm,grand-isle,LA,"25543 Washington St, Angie, LA, 70426"
Varnado ,Independence,33-12,"Mon, 3/12",L,Away • Non-District,4:00pm,independence,LA,"25543 Washington St, Angie, LA, 70426"
Varnado ,Ecole Classique,10-0,"Tue, 3/13",L,Away • District,4:00pm,metairie,LA,"25543 Washington St, Angie, LA, 70426"
Varnado ,Ecole Classique,10-0,"Tue, 3/13",L,Away • Non-District,6:00pm,metairie,LA,"25543 Washington St, Angie, LA, 70426"
Varnado ,Covenant Christian Academy,16-0,"Thu, 3/15",L,Away • District,4:00pm,houma,LA,"25543 Washington St, Angie, LA, 70426"
Varnado ,Covenant Christian Academy,17-0,"Thu, 3/15",L,Neutral • District,6:00pm,houma,LA,"25543 Washington St, Angie, LA, 70426"
Varnado ,Mt. Hermon,16-1,"Fri, 3/23",L,Away • Non-District,5:00pm,mt-hermon,LA,"25543 Washington St, Angie, LA, 70426"
Varnado ,West St. John,19-4,"Tue, 3/27",L,Away • District,4:00pm,edgard,LA,"25543 Washington St, Angie, LA, 70426"
Varnado ,Independence,32-10,"Wed, 3/28",L,Home • Non-District,4:00pm,independence,LA,"25543 Washington St, Angie, LA, 70426"
Varnado ,St. Martin's Episcopal,28-2,"Tue, 4/10",L,Home • District,3:30pm,metairie,LA,"25543 Washington St, Angie, LA, 70426"
Varnado ,St. Martin's Episcopal,22-0,"Tue, 4/10",L,Home • District,5:30pm,metairie,LA,"25543 Washington St, Angie, LA, 70426"
McKean ,Glasgow,14-1,"Thu, 3/29",L,Home • League,3:30pm,newark,DE,"301 McKennans Church Rd, Wilmington, DE, 19808"
McKean ,Delaware Academy of Public Safety & Security,nan-nan,"Mon, 4/9",NoScoreReported,Home • Non-League,3:30pm,new-castle,DE,"301 McKennans Church Rd, Wilmington, DE, 19808"
McKean ,Mount Pleasant,17-0,"Tue, 4/10",L,Away • Non-League,3:30pm,wilmington,DE,"301 McKennans Church Rd, Wilmington, DE, 19808"
McKean ,First State Military Academy,22-3,"Thu, 4/12",L,Away • Non-League,3:30pm,clayton,DE,"301 McKennans Church Rd, Wilmington, DE, 19808"
McKean ,Dickinson,16-11,"Tue, 4/17",L,Away • League,3:45pm,wilmington,DE,"301 McKennans Church Rd, Wilmington, DE, 19808"
McKean ,Design-Lab,nan-nan,"Thu, 4/19",NoScoreReported,Home • Non-League,3:30pm,newark,DE,"301 McKennans Church Rd, Wilmington, DE, 19808"
McKean ,Newark,17-3,"Fri, 4/20",L,Away • Non-League,4:00pm,newark,DE,"301 McKennans Church Rd, Wilmington, DE, 19808"
McKean ,DuPont,12-2,"Tue, 4/24",L,Away • Non-League,3:45pm,wilmington,DE,"301 McKennans Church Rd, Wilmington, DE, 19808"
McKean ,First State Military Academy,18-12,"Thu, 4/26",L,Home • Non-League,3:45pm,clayton,DE,"301 McKennans Church Rd, Wilmington, DE, 19808"
McKean ,Delaware Academy of Public Safety & Security,nan-nan,"Fri, 4/27",NoScoreReported,Away • Non-League,3:30pm,new-castle,DE,"301 McKennans Church Rd, Wilmington, DE, 19808"
McKean ,Newark,15-1,"Mon, 4/30",L,Home • Non-League,4:00pm,newark,DE,"301 McKennans Church Rd, Wilmington, DE, 19808"
McKean ,Glasgow,23-13,"Tue, 5/1",L,Away • League,3:30pm,newark,DE,"301 McKennans Church Rd, Wilmington, DE, 19808"
McKean ,Design-Lab,23-11,"Wed, 5/2",L,Home • Non-League,3:30pm,newark,DE,"301 McKennans Church Rd, Wilmington, DE, 19808"
McKean ,Brandywine,23-6,"Thu, 5/3",L,Home • League,3:45pm,wilmington,DE,"301 McKennans Church Rd, Wilmington, DE, 19808"
McKean ,Design-Lab,19-4,"Mon, 5/7",L,Away • Non-League,3:00pm,newark,DE,"301 McKennans Church Rd, Wilmington, DE, 19808"
McKean ,Christiana,20-10,"Tue, 5/8",W,Away • League,4:00pm,newark,DE,"301 McKennans Church Rd, Wilmington, DE, 19808"
McKean ,Delcastle Technical,10-0,"Thu, 5/10",L,Away • Non-League,4:00pm,wilmington,DE,"301 McKennans Church Rd, Wilmington, DE, 19808"
McKean ,Design-Lab,nan-nan,"Fri, 5/11",NoScoreReported,Away • Non-League,3:30pm,newark,DE,"301 McKennans Church Rd, Wilmington, DE, 19808"
McKean ,MOT Charter,19-5,"Mon, 5/14",L,Home • Non-League,3:30pm,middletown,DE,"301 McKennans Church Rd, Wilmington, DE, 19808"
McKean ,Dickinson,20-7,"Tue, 5/15",L,Home • League,3:45pm,wilmington,DE,"301 McKennans Church Rd, Wilmington, DE, 19808"
Arcadia ,Simsboro,nan-nan,"Fri, 2/23",NoScoreReported,Away • Non-District,4:40pm,simsboro,LA,"967 Daniel, Arcadia, LA, 71001"
Arcadia ,Simsboro,15-0,"Mon, 2/26",L,Away • Non-District,4:30pm,simsboro,LA,"967 Daniel, Arcadia, LA, 71001"
Arcadia ,Simsboro,12-0,"Mon, 2/26",L,Away • Non-District,6:00pm,simsboro,LA,"967 Daniel, Arcadia, LA, 71001"
Arcadia ,Saline,15-0,"Mon, 3/5",L,Home • Non-District,4:00pm,saline,LA,"967 Daniel, Arcadia, LA, 71001"
Arcadia ,Saline,nan-nan,"Mon, 3/5",NoScoreReported,Home • Non-District,5:00pm,saline,LA,"967 Daniel, Arcadia, LA, 71001"
Arcadia ,Saline,16-0,"Mon, 3/5",L,Home • Non-District,6:00pm,saline,LA,"967 Daniel, Arcadia, LA, 71001"
Arcadia ,Plain Dealing,11-4,"Thu, 3/8",W,Home • District,4:30pm,plain-dealing,LA,"967 Daniel, Arcadia, LA, 71001"
Arcadia ,Plain Dealing,7-1,"Thu, 3/8",W,Home • District,6:30pm,plain-dealing,LA,"967 Daniel, Arcadia, LA, 71001"
Arcadia ,Dodson,15-12,"Fri, 3/9",L,Home • Non-District,5:00pm,dodson,LA,"967 Daniel, Arcadia, LA, 71001"
Arcadia ,Doyline,13-0,"Mon, 3/19",L,Away • Non-District,5:30pm,doyline,LA,"967 Daniel, Arcadia, LA, 71001"
Arcadia ,Doyline,12-0,"Wed, 3/21",L,Home • Non-District,5:30pm,doyline,LA,"967 Daniel, Arcadia, LA, 71001"
Arcadia ,Ringgold,15-10,"Fri, 3/23",L,Away • District,5:00pm,ringgold,LA,"967 Daniel, Arcadia, LA, 71001"
Arcadia ,Ringgold,13-12,"Fri, 3/23",L,Away • Non-District,6:30pm,ringgold,LA,"967 Daniel, Arcadia, LA, 71001"
Arcadia ,Jonesboro-Hodge,17-1,"Tue, 3/27",L,Away • District,5:00pm,jonesboro,LA,"967 Daniel, Arcadia, LA, 71001"
Arcadia ,Jonesboro-Hodge,nan-nan,"Thu, 3/29",NoScoreReported,Home • Non-District,5:00pm,jonesboro,LA,"967 Daniel, Arcadia, LA, 71001"
Arcadia ,Dodson,nan-nan,"Fri, 4/6",NoScoreReported,Away • Non-District,4:00pm,dodson,LA,"967 Daniel, Arcadia, LA, 71001"
Arcadia ,Jonesboro-Hodge,8-2,"Mon, 4/9",L,Home • Non-District,5:00pm,jonesboro,LA,"967 Daniel, Arcadia, LA, 71001"
Arcadia ,Haynesville,16-5,"Wed, 4/11",L,Away • District,4:30pm,haynesville,LA,"967 Daniel, Arcadia, LA, 71001"
Arcadia ,Centerville,18-0,"Mon, 4/16",L,Away • Playoff,Time TBA,centerville,LA,"967 Daniel, Arcadia, LA, 71001"
Milford ,Judge Memorial,16-12,"Fri, 3/16",L,Home • Non-Region,Time TBA,salt-lake-city,UT,"62 North 300 West, Milford, UT, 84751"
Milford ,Green Canyon,18-0,"Fri, 3/16",L,Neutral • Tournament,11:15am,north-logan,UT,"62 North 300 West, Milford, UT, 84751"
Milford ,Parowan,15-3,"Fri, 3/16",L,Neutral • Non-Region,1:30pm,parowan,UT,"62 North 300 West, Milford, UT, 84751"
Milford ,Northridge,11-10,"Sat, 3/17",L,Away • Non-Region,Time TBA,layton,UT,"62 North 300 West, Milford, UT, 84751"
Milford ,North Summit,11-10,"Sat, 3/17",L,Neutral • Non-Region,9:00am,coalville,UT,"62 North 300 West, Milford, UT, 84751"
Milford ,Skyline,17-5,"Sat, 3/17",L,Neutral • Non-Region,11:15am,salt-lake-city,UT,"62 North 300 West, Milford, UT, 84751"
Milford ,Delta,22-7,"Wed, 3/21",L,Away • Non-Region,3:30pm,delta,UT,"62 North 300 West, Milford, UT, 84751"
Milford ,Beaver,17-0,"Thu, 3/22",L,Home • Region,3:30pm,beaver,UT,"62 North 300 West, Milford, UT, 84751"
Milford ,Beaver,19-0,"Tue, 3/27",L,Away • Region,3:30pm,beaver,UT,"62 North 300 West, Milford, UT, 84751"
Milford ,Parowan,15-3,"Tue, 4/3",L,Away • Region,3:30pm,parowan,UT,"62 North 300 West, Milford, UT, 84751"
Milford ,Parowan,17-2,"Fri, 4/6",L,Home • Region,3:30pm,parowan,UT,"62 North 300 West, Milford, UT, 84751"
Milford ,Enterprise,18-0,"Tue, 4/10",L,Home • Region,3:30pm,enterprise,UT,"62 North 300 West, Milford, UT, 84751"
Milford ,Lincoln County,22-6,"Wed, 4/11",L,Home • Non-Region,3:00pm,panaca,NV,"62 North 300 West, Milford, UT, 84751"
Milford ,Enterprise,18-1,"Fri, 4/13",L,Away • Region,3:30pm,enterprise,UT,"62 North 300 West, Milford, UT, 84751"
Milford ,Kanab,nan-nan,"Tue, 4/17",NoScoreReported,Home • Region,3:30pm,kanab,UT,"62 North 300 West, Milford, UT, 84751"
Milford ,Kanab,16-0,"Wed, 4/18",L,Home • Region,Time TBA,kanab,UT,"62 North 300 West, Milford, UT, 84751"
Milford ,Kanab,nan-nan,"Wed, 4/18",NoScoreReported,Home • Region,3:30pm,kanab,UT,"62 North 300 West, Milford, UT, 84751"
Milford ,Kanab,nan-nan,"Fri, 4/20",NoScoreReported,Away • Region,3:30pm,kanab,UT,"62 North 300 West, Milford, UT, 84751"
Milford ,Panguitch,22-7,"Tue, 4/24",L,Away • Region,3:30pm,panguitch,UT,"62 North 300 West, Milford, UT, 84751"
Milford ,Panguitch,21-11,"Fri, 4/27",L,Home • Region,3:30pm,panguitch,UT,"62 North 300 West, Milford, UT, 84751"
Milford ,Piute,10-3,"Thu, 5/3",L,Away • Non-Region,3:30pm,junction,UT,"62 North 300 West, Milford, UT, 84751"
Milford ,Duchesne,19-0,"Sat, 5/5",L,Away • Playoff,11:00am,duchesne,UT,"62 North 300 West, Milford, UT, 84751"
Milford ,Piute,21-12,"Sat, 5/5",L,Neutral • Playoff,3:30pm,junction,UT,"62 North 300 West, Milford, UT, 84751"
Washington ,Bossier,nan-nan,"Fri, 2/16",NoScoreReported,Away • Non-District,3:00pm,bossier-city,LA,"2104 Milam St, Shreveport, LA, 71103"
Washington ,Red River,nan-nan,"Fri, 2/16",NoScoreReported,Away • Non-District,4:00pm,coushatta,LA,"2104 Milam St, Shreveport, LA, 71103"
Washington ,Red River,nan-nan,"Wed, 2/21",NoScoreReported,Away • Non-District,5:30pm,coushatta,LA,"2104 Milam St, Shreveport, LA, 71103"
Washington ,North Caddo,nan-nan,"Thu, 2/22",NoScoreReported,Away • Non-District,Time TBA,vivian,LA,"2104 Milam St, Shreveport, LA, 71103"
Washington ,Woodlawn-Shreveport,nan-nan,"Tue, 2/27",NoScoreReported,Away • District,5:30pm,shreveport,LA,"2104 Milam St, Shreveport, LA, 71103"
Washington ,Green Oaks,18-1,"Fri, 3/2",W,Home • Tournament,6:00pm,shreveport,LA,"2104 Milam St, Shreveport, LA, 71103"
Washington ,Ringgold,5-3,"Sat, 3/3",L,Home • Tournament,1:00pm,ringgold,LA,"2104 Milam St, Shreveport, LA, 71103"
Washington ,Mansfield,10-0,"Sat, 3/3",L,Home • Tournament,9:00pm,mansfield,LA,"2104 Milam St, Shreveport, LA, 71103"
Washington ,Bossier,6-4,"Tue, 3/6",W,Away • District,5:00pm,bossier-city,LA,"2104 Milam St, Shreveport, LA, 71103"
Washington ,Bossier,7-6,"Tue, 3/6",L,Home • District,6:00pm,bossier-city,LA,"2104 Milam St, Shreveport, LA, 71103"
Washington ,Huntington,10-2,"Thu, 3/8",L,Home • District,4:00pm,shreveport,LA,"2104 Milam St, Shreveport, LA, 71103"
Washington ,Huntington,12-4,"Thu, 3/8",L,Away • District,5:00pm,shreveport,LA,"2104 Milam St, Shreveport, LA, 71103"
Washington ,North Caddo,nan-nan,"Tue, 3/13",NoScoreReported,Away • Non-District,Time TBA,vivian,LA,"2104 Milam St, Shreveport, LA, 71103"
Washington ,Minden,nan-nan,"Tue, 3/13",NoScoreReported,Away • Non-District,4:00pm,minden,LA,"2104 Milam St, Shreveport, LA, 71103"
Washington ,Minden,20-0,"Tue, 3/13",L,Away • District,5:00pm,minden,LA,"2104 Milam St, Shreveport, LA, 71103"
Washington ,Minden,nan-nan,"Tue, 3/13",NoScoreReported,Away • District,5:30pm,minden,LA,"2104 Milam St, Shreveport, LA, 71103"
Washington ,Minden,nan-nan,"Tue, 3/13",NoScoreReported,Away • Non-District,6:00pm,minden,LA,"2104 Milam St, Shreveport, LA, 71103"
Washington ,Minden,15-0,"Tue, 3/13",L,Home • District,6:30pm,minden,LA,"2104 Milam St, Shreveport, LA, 71103"
Washington ,Caddo Magnet,25-10,"Wed, 3/14",L,Away • District,5:00pm,shreveport,LA,"2104 Milam St, Shreveport, LA, 71103"
Washington ,Woodlawn-Shreveport,10-9,"Thu, 3/15",L,Home • District,5:00pm,shreveport,LA,"2104 Milam St, Shreveport, LA, 71103"
Washington ,Woodlawn-Shreveport,11-10,"Thu, 3/15",W,Home • District,6:30pm,shreveport,LA,"2104 Milam St, Shreveport, LA, 71103"
Washington ,Red River,17-5,"Mon, 3/19",L,Away • Non-District,5:30pm,coushatta,LA,"2104 Milam St, Shreveport, LA, 71103"
Washington ,Caddo Magnet,nan-nan,"Tue, 3/20",NoScoreReported,Home • District,5:00pm,shreveport,LA,"2104 Milam St, Shreveport, LA, 71103"
Washington ,Caddo Magnet,23-12,"Tue, 3/20",L,Away • District,5:00pm,shreveport,LA,"2104 Milam St, Shreveport, LA, 71103"
Washington ,Red River,nan-nan,"Wed, 3/21",NoScoreReported,Away • Non-District,5:30pm,coushatta,LA,"2104 Milam St, Shreveport, LA, 71103"
Washington ,Mansfield,16-4,"Wed, 3/21",L,Away • Non-District,5:30pm,mansfield,LA,"2104 Milam St, Shreveport, LA, 71103"
Washington ,Bossier,nan-nan,"Fri, 3/23",NoScoreReported,Away • District,5:00pm,bossier-city,LA,"2104 Milam St, Shreveport, LA, 71103"
Washington ,Bossier,nan-nan,"Fri, 3/23",NoScoreReported,Away • Non-District,5:00pm,bossier-city,LA,"2104 Milam St, Shreveport, LA, 71103"
Washington ,Bossier,nan-nan,"Fri, 3/23",NoScoreReported,Away • Non-District,6:00pm,bossier-city,LA,"2104 Milam St, Shreveport, LA, 71103"
Washington ,Bossier,nan-nan,"Fri, 3/23",NoScoreReported,Away • Non-District,7:00pm,bossier-city,LA,"2104 Milam St, Shreveport, LA, 71103"
Washington ,Mansfield,nan-nan,"Mon, 4/2",NoScoreReported,Away • Non-District,5:30pm,mansfield,LA,"2104 Milam St, Shreveport, LA, 71103"
Washington ,Woodlawn-Shreveport,nan-nan,"Tue, 4/3",NoScoreReported,Away • District,5:00pm,shreveport,LA,"2104 Milam St, Shreveport, LA, 71103"
Washington ,Woodlawn-Shreveport,nan-nan,"Tue, 4/3",NoScoreReported,Away • Non-District,7:00pm,shreveport,LA,"2104 Milam St, Shreveport, LA, 71103"
Washington ,Green Oaks,18-13,"Wed, 4/4",W,Away • Non-District,5:30pm,shreveport,LA,"2104 Milam St, Shreveport, LA, 71103"
Washington ,Woodlawn-Shreveport,nan-nan,"Mon, 4/9",NoScoreReported,Away • Non-District,5:00pm,shreveport,LA,"2104 Milam St, Shreveport, LA, 71103"
Anthony ,El Paso,(FF),"Tue, 2/13",L,Home • Non-District,4:00pm,el-paso,TX,"825 Wildcat Dr., Anthony, TX, 79821-5026"
Anthony ,Gadsden,10-0,"Fri, 2/16",L,Home • Tournament,Time TBA,anthony,NM,"825 Wildcat Dr., Anthony, TX, 79821-5026"
Anthony ,Austin,13-12,"Sat, 2/17",W,Neutral • Tournament,9:00am,el-paso,TX,"825 Wildcat Dr., Anthony, TX, 79821-5026"
Anthony ,Austin,18-7,"Tue, 2/20",L,Away • Non-District,4:00pm,el-paso,TX,"825 Wildcat Dr., Anthony, TX, 79821-5026"
Anthony ,Santa Teresa,9-1,"Thu, 2/22",L,Home • Tournament,Time TBA,santa-teresa,NM,"825 Wildcat Dr., Anthony, TX, 79821-5026"
Anthony ,Chaparral,18-13,"Tue, 2/27",W,Home • Non-District,4:00pm,chaparral,NM,"825 Wildcat Dr., Anthony, TX, 79821-5026"
Anthony ,Fabens,12-1,"Tue, 3/6",L,Away • Non-District,4:00pm,fabens,TX,"825 Wildcat Dr., Anthony, TX, 79821-5026"
Anthony ,Chaparral,23-8,"Fri, 3/9",L,Away • Non-District,4:00am,chaparral,NM,"825 Wildcat Dr., Anthony, TX, 79821-5026"
Anthony ,Mountain View,20-15,"Tue, 3/13",L,Away • Non-District,4:00pm,el-paso,TX,"825 Wildcat Dr., Anthony, TX, 79821-5026"
Anthony ,Van Horn,16-5,"Fri, 3/23",L,Home • District,4:30pm,van-horn,TX,"825 Wildcat Dr., Anthony, TX, 79821-5026"
Anthony ,McCamey,13-4,"Tue, 3/27",L,Home • District,4:30pm,mccamey,TX,"825 Wildcat Dr., Anthony, TX, 79821-5026"
Anthony ,Van Horn,25-15,"Tue, 4/3",L,Home • District,4:30pm,van-horn,TX,"825 Wildcat Dr., Anthony, TX, 79821-5026"
Anthony ,McCamey,20-10,"Fri, 4/6",L,Away • District,5:30pm,mccamey,TX,"825 Wildcat Dr., Anthony, TX, 79821-5026"
Anthony ,Marfa,nan-nan,"Thu, 4/12",NoScoreReported,Home • District,3:00pm,marfa,TX,"825 Wildcat Dr., Anthony, TX, 79821-5026"
Anthony ,Marfa,nan-nan,"Thu, 4/12",NoScoreReported,Home • District,5:00pm,marfa,TX,"825 Wildcat Dr., Anthony, TX, 79821-5026"
Anthony ,Marfa,nan-nan,"Fri, 4/13",NoScoreReported,Home • District,4:30pm,marfa,TX,"825 Wildcat Dr., Anthony, TX, 79821-5026"
Anthony ,Van Horn,21-11,"Tue, 4/17",L,Away • District,4:30pm,van-horn,TX,"825 Wildcat Dr., Anthony, TX, 79821-5026"
Anthony ,McCamey,15-12,"Fri, 4/20",L,Home • District,4:30pm,mccamey,TX,"825 Wildcat Dr., Anthony, TX, 79821-5026"
Anthony ,Forsan,16-2,"Wed, 4/25",L,Neutral • Playoff,7:00pm,forsan,TX,"825 Wildcat Dr., Anthony, TX, 79821-5026"
Woodlawn-Shreveport ,Carroll,nan-nan,"Fri, 1/5",NoScoreReported,Neutral • Non-District,5:00pm,monroe,LA,"7340 Wyngate, Shreveport, LA, 71106"
Woodlawn-Shreveport ,Red River,nan-nan,"Tue, 2/20",NoScoreReported,Away • Non-District,4:30pm,coushatta,LA,"7340 Wyngate, Shreveport, LA, 71106"
Woodlawn-Shreveport ,Red River,nan-nan,"Tue, 2/20",NoScoreReported,Away • Non-District,6:30pm,coushatta,LA,"7340 Wyngate, Shreveport, LA, 71106"
Woodlawn-Shreveport ,Wossman,nan-nan,"Thu, 2/22",NoScoreReported,Away • Non-District,5:00pm,monroe,LA,"7340 Wyngate, Shreveport, LA, 71106"
Woodlawn-Shreveport ,Green Oaks,19-6,"Fri, 2/23",W,Away • Non-District,5:30pm,shreveport,LA,"7340 Wyngate, Shreveport, LA, 71106"
Woodlawn-Shreveport ,Washington,nan-nan,"Tue, 2/27",NoScoreReported,Home • District,5:30pm,shreveport,LA,"7340 Wyngate, Shreveport, LA, 71106"
Woodlawn-Shreveport ,Caddo Magnet,nan-nan,"Wed, 2/28",NoScoreReported,Home • District,5:00pm,shreveport,LA,"7340 Wyngate, Shreveport, LA, 71106"
Woodlawn-Shreveport ,Richwood,nan-nan,"Thu, 3/1",NoScoreReported,Home • Non-District,5:00pm,monroe,LA,"7340 Wyngate, Shreveport, LA, 71106"
Woodlawn-Shreveport ,Caddo Magnet,26-11,"Tue, 3/6",L,Away • District,5:00pm,shreveport,LA,"7340 Wyngate, Shreveport, LA, 71106"
Woodlawn-Shreveport ,Minden,20-2,"Thu, 3/8",L,Away • District,5:00pm,minden,LA,"7340 Wyngate, Shreveport, LA, 71106"
Woodlawn-Shreveport ,Minden,17-2,"Thu, 3/8",L,Away • District,5:30pm,minden,LA,"7340 Wyngate, Shreveport, LA, 71106"
Woodlawn-Shreveport ,Green Oaks,nan-nan,"Fri, 3/9",NoScoreReported,Home • Non-District,5:00pm,shreveport,LA,"7340 Wyngate, Shreveport, LA, 71106"
Woodlawn-Shreveport ,Minden,nan-nan,"Mon, 3/12",NoScoreReported,Away • District,5:30pm,minden,LA,"7340 Wyngate, Shreveport, LA, 71106"
Woodlawn-Shreveport ,Minden,nan-nan,"Mon, 3/12",NoScoreReported,Away • District,7:30pm,minden,LA,"7340 Wyngate, Shreveport, LA, 71106"
Woodlawn-Shreveport ,Bossier,9-8,"Tue, 3/13",L,Away • District,5:00pm,bossier-city,LA,"7340 Wyngate, Shreveport, LA, 71106"
Woodlawn-Shreveport ,Bossier,13-12,"Tue, 3/13",L,Away • District,6:00pm,bossier-city,LA,"7340 Wyngate, Shreveport, LA, 71106"
Woodlawn-Shreveport ,Washington,10-9,"Thu, 3/15",W,Away • District,5:00pm,shreveport,LA,"7340 Wyngate, Shreveport, LA, 71106"
Woodlawn-Shreveport ,Washington,11-10,"Thu, 3/15",L,Away • District,6:30pm,shreveport,LA,"7340 Wyngate, Shreveport, LA, 71106"
Woodlawn-Shreveport ,Green Oaks,21-2,"Fri, 3/16",W,Home • Non-District,5:00pm,shreveport,LA,"7340 Wyngate, Shreveport, LA, 71106"
Woodlawn-Shreveport ,Huntington,23-7,"Mon, 3/19",L,Home • District,4:00pm,shreveport,LA,"7340 Wyngate, Shreveport, LA, 71106"
Woodlawn-Shreveport ,Ringgold,25-10,"Tue, 3/20",L,Home • Non-District,4:00pm,ringgold,LA,"7340 Wyngate, Shreveport, LA, 71106"
Woodlawn-Shreveport ,Richwood,nan-nan,"Thu, 3/22",NoScoreReported,Away • Non-District,Time TBA,monroe,LA,"7340 Wyngate, Shreveport, LA, 71106"
Woodlawn-Shreveport ,Green Oaks,nan-nan,"Thu, 3/22",NoScoreReported,Away • Non-District,5:00pm,shreveport,LA,"7340 Wyngate, Shreveport, LA, 71106"
Woodlawn-Shreveport ,Green Oaks,nan-nan,"Thu, 3/22",NoScoreReported,Away • Non-District,7:00pm,shreveport,LA,"7340 Wyngate, Shreveport, LA, 71106"
Woodlawn-Shreveport ,Carroll,9-5,"Fri, 3/23",L,Home • Non-District,5:00pm,monroe,LA,"7340 Wyngate, Shreveport, LA, 71106"
Woodlawn-Shreveport ,Jonesboro-Hodge,17-2,"Sat, 3/24",L,Home • Non-District,12:00pm,jonesboro,LA,"7340 Wyngate, Shreveport, LA, 71106"
Woodlawn-Shreveport ,Jonesboro-Hodge,6-5,"Sat, 3/24",L,Home • Non-District,11:00pm,jonesboro,LA,"7340 Wyngate, Shreveport, LA, 71106"
Woodlawn-Shreveport ,Wossman,8-5,"Tue, 3/27",L,Home • Non-District,5:00pm,monroe,LA,"7340 Wyngate, Shreveport, LA, 71106"
Woodlawn-Shreveport ,Wossman,8-1,"Tue, 3/27",W,Away • Non-District,6:00pm,monroe,LA,"7340 Wyngate, Shreveport, LA, 71106"
Woodlawn-Shreveport ,Huntington,nan-nan,"Mon, 4/2",NoScoreReported,Away • District,5:00pm,shreveport,LA,"7340 Wyngate, Shreveport, LA, 71106"
Woodlawn-Shreveport ,Washington,nan-nan,"Tue, 4/3",NoScoreReported,Home • District,5:00pm,shreveport,LA,"7340 Wyngate, Shreveport, LA, 71106"
Woodlawn-Shreveport ,Washington,nan-nan,"Tue, 4/3",NoScoreReported,Home • Non-District,7:00pm,shreveport,LA,"7340 Wyngate, Shreveport, LA, 71106"
Woodlawn-Shreveport ,Ringgold,20-6,"Wed, 4/4",L,Away • Non-District,4:00pm,ringgold,LA,"7340 Wyngate, Shreveport, LA, 71106"
Woodlawn-Shreveport ,Ringgold,nan-nan,"Thu, 4/5",NoScoreReported,Away • Non-District,4:00pm,ringgold,LA,"7340 Wyngate, Shreveport, LA, 71106"
Woodlawn-Shreveport ,Caddo Magnet,nan-nan,"Thu, 4/5",NoScoreReported,Home • Non-District,5:00pm,shreveport,LA,"7340 Wyngate, Shreveport, LA, 71106"
Woodlawn-Shreveport ,Red River,15-3,"Fri, 4/6",L,Away • Non-District,4:30pm,coushatta,LA,"7340 Wyngate, Shreveport, LA, 71106"
Woodlawn-Shreveport ,Red River,11-2,"Fri, 4/6",L,Away • Non-District,5:30pm,coushatta,LA,"7340 Wyngate, Shreveport, LA, 71106"
Woodlawn-Shreveport ,Jonesboro-Hodge,nan-nan,"Sat, 4/7",NoScoreReported,Away • Non-District,12:00pm,jonesboro,LA,"7340 Wyngate, Shreveport, LA, 71106"
Woodlawn-Shreveport ,Jonesboro-Hodge,nan-nan,"Sat, 4/7",NoScoreReported,Away • Non-District,11:00pm,jonesboro,LA,"7340 Wyngate, Shreveport, LA, 71106"
Woodlawn-Shreveport ,Washington,nan-nan,"Mon, 4/9",NoScoreReported,Home • Non-District,5:00pm,shreveport,LA,"7340 Wyngate, Shreveport, LA, 71106"
Woodlawn-Shreveport ,Carroll,21-5,"Tue, 4/10",L,Away • Non-District,5:00pm,monroe,LA,"7340 Wyngate, Shreveport, LA, 71106"
Woodlawn-Shreveport ,Carroll,7-0,"Tue, 4/10",L,Away • Non-District,6:00pm,monroe,LA,"7340 Wyngate, Shreveport, LA, 71106"
Woodlawn-Shreveport ,Huntington,nan-nan,"Wed, 4/11",NoScoreReported,Away • District,4:00pm,shreveport,LA,"7340 Wyngate, Shreveport, LA, 71106"
Woodlawn-Shreveport ,Huntington,nan-nan,"Wed, 4/11",NoScoreReported,Away • District,5:00pm,shreveport,LA,"7340 Wyngate, Shreveport, LA, 71106"
Cheney RVT ,University/Classical Magnet,nan-nan,"Tue, 4/3",NoScoreReported,Home • Non-League,3:45pm,hartford,CT,"791 Middle Tpke W, Manchester, CT, 06040"
Cheney RVT ,Wolcott RVT,15-0,"Wed, 4/4",L,Home • Non-League,3:45pm,torrington,CT,"791 Middle Tpke W, Manchester, CT, 06040"
Cheney RVT ,Academy of the Holy Family,27-9,"Thu, 4/5",L,Home • League,3:45pm,baltic,CT,"791 Middle Tpke W, Manchester, CT, 06040"
Cheney RVT ,Parish Hill,23-8,"Tue, 4/10",L,Home • League,3:45pm,chaplin,CT,"791 Middle Tpke W, Manchester, CT, 06040"
Cheney RVT ,Norwich RVT,14-0,"Wed, 4/11",L,Away • League,3:45pm,norwich,CT,"791 Middle Tpke W, Manchester, CT, 06040"
Cheney RVT ,Vinal RVT,21-13,"Thu, 4/12",L,Away • Non-League,3:45pm,middletown,CT,"791 Middle Tpke W, Manchester, CT, 06040"
Cheney RVT ,Goodwin Tech,22-7,"Wed, 4/18",L,Away • Non-League,3:00pm,new-britain,CT,"791 Middle Tpke W, Manchester, CT, 06040"
Cheney RVT ,Prince RVT,28-13,"Fri, 4/20",L,Home • League,11:00am,hartford,CT,"791 Middle Tpke W, Manchester, CT, 06040"
Cheney RVT ,Windham RVT,19-4,"Mon, 4/23",L,Away • League,3:45pm,willimantic,CT,"791 Middle Tpke W, Manchester, CT, 06040"
Cheney RVT ,Harvard Ellis Tech,13-0,"Thu, 4/26",L,Away • Non-League,3:00pm,killingly,CT,"791 Middle Tpke W, Manchester, CT, 06040"
Cheney RVT ,University/Classical Magnet,21-7,"Mon, 4/30",W,Home • Non-League,3:45pm,hartford,CT,"791 Middle Tpke W, Manchester, CT, 06040"
Cheney RVT ,Vinal RVT,20-2,"Wed, 5/2",L,Home • Non-League,3:45pm,middletown,CT,"791 Middle Tpke W, Manchester, CT, 06040"
Cheney RVT ,Academy of the Holy Family,nan-nan,"Fri, 5/4",NoScoreReported,Away • League,3:45pm,baltic,CT,"791 Middle Tpke W, Manchester, CT, 06040"
Cheney RVT ,Goodwin Tech,20-4,"Mon, 5/7",L,Away • Non-League,3:45pm,new-britain,CT,"791 Middle Tpke W, Manchester, CT, 06040"
Cheney RVT ,Goodwin Tech,nan-nan,"Mon, 5/7",NoScoreReported,Home • Non-League,3:45pm,new-britain,CT,"791 Middle Tpke W, Manchester, CT, 06040"
Cheney RVT ,Prince RVT,26-16,"Wed, 5/9",W,Away • League,3:45pm,hartford,CT,"791 Middle Tpke W, Manchester, CT, 06040"
Cheney RVT ,Grasso Tech,10-9,"Thu, 5/10",L,Home • League,3:45pm,groton,CT,"791 Middle Tpke W, Manchester, CT, 06040"
Cheney RVT ,Wolcott RVT,(FF),"Fri, 5/11",L,Away • Non-League,3:45pm,torrington,CT,"791 Middle Tpke W, Manchester, CT, 06040"
Cheney RVT ,Windham RVT,20-5,"Mon, 5/14",L,Home • League,3:45pm,willimantic,CT,"791 Middle Tpke W, Manchester, CT, 06040"
Cheney RVT ,Parish Hill,19-4,"Wed, 5/16",L,Away • League,3:45pm,chaplin,CT,"791 Middle Tpke W, Manchester, CT, 06040"
Cheney RVT ,Parish Hill,nan-nan,"Wed, 5/16",NoScoreReported,Away • League,3:45pm,chaplin,CT,"791 Middle Tpke W, Manchester, CT, 06040"
Cheney RVT ,University/Classical Magnet,18-10,"Thu, 5/17",L,Away • Non-League,3:45pm,hartford,CT,"791 Middle Tpke W, Manchester, CT, 06040"
Epps ,Madison,nan-nan,"Thu, 2/22",NoScoreReported,Home • Non-District,5:00pm,tallulah,LA,"4044 Louisiana 134, Epps, LA, 71237"
Epps ,Wossman,nan-nan,"Mon, 2/26",NoScoreReported,Away • Non-District,5:00pm,monroe,LA,"4044 Louisiana 134, Epps, LA, 71237"
Epps ,Downsville,nan-nan,"Thu, 3/1",NoScoreReported,Away • Non-District,4:00pm,downsville,LA,"4044 Louisiana 134, Epps, LA, 71237"
Epps ,Kilbourne,25-8,"Tue, 3/6",L,Away • District,4:00pm,kilbourne,LA,"4044 Louisiana 134, Epps, LA, 71237"
Epps ,Delhi,nan-nan,"Wed, 3/7",NoScoreReported,Away • Non-District,4:00pm,delhi,LA,"4044 Louisiana 134, Epps, LA, 71237"
Epps ,Delhi,nan-nan,"Thu, 3/8",NoScoreReported,Away • Non-District,5:00pm,delhi,LA,"4044 Louisiana 134, Epps, LA, 71237"
Epps ,Family Community Christian,16-0,"Fri, 3/9",L,Home • Non-District,4:00pm,winnsboro,LA,"4044 Louisiana 134, Epps, LA, 71237"
Epps ,Summerfield,19-0,"Thu, 3/15",L,Away • Non-District,5:00pm,summerfield,LA,"4044 Louisiana 134, Epps, LA, 71237"
Epps ,Delhi,nan-nan,"Mon, 3/19",NoScoreReported,Home • Non-District,Time TBA,delhi,LA,"4044 Louisiana 134, Epps, LA, 71237"
Epps ,Delhi,27-12,"Mon, 3/19",L,Home • Non-District,4:00pm,delhi,LA,"4044 Louisiana 134, Epps, LA, 71237"
Epps ,Kilbourne,25-16,"Tue, 3/20",L,Home • District,4:00pm,kilbourne,LA,"4044 Louisiana 134, Epps, LA, 71237"
Epps ,Family Community Christian,nan-nan,"Fri, 3/23",NoScoreReported,Away • Non-District,6:00pm,winnsboro,LA,"4044 Louisiana 134, Epps, LA, 71237"
Epps ,Downsville,19-6,"Sat, 3/24",L,Home • Non-District,2:00pm,downsville,LA,"4044 Louisiana 134, Epps, LA, 71237"
Epps ,Bastrop,17-2,"Mon, 3/26",L,Away • Non-District,2:00pm,bastrop,LA,"4044 Louisiana 134, Epps, LA, 71237"
Epps ,Bastrop,23-8,"Mon, 3/26",L,Home • Non-District,4:30pm,bastrop,LA,"4044 Louisiana 134, Epps, LA, 71237"
Epps ,Harrisonburg,22-0,"Tue, 3/27",L,Away • Non-District,4:00pm,harrisonburg,LA,"4044 Louisiana 134, Epps, LA, 71237"
Epps ,Claiborne Christian,15-0,"Tue, 4/3",L,Away • District,Time TBA,west-monroe,LA,"4044 Louisiana 134, Epps, LA, 71237"
Epps ,Claiborne Christian,16-1,"Tue, 4/3",L,Away • District,3:30pm,west-monroe,LA,"4044 Louisiana 134, Epps, LA, 71237"
Epps ,Rayville,17-0,"Thu, 4/5",L,Away • Non-District,3:30pm,rayville,LA,"4044 Louisiana 134, Epps, LA, 71237"
Epps ,Rayville,9-0,"Thu, 4/5",L,Away • Non-District,5:00pm,rayville,LA,"4044 Louisiana 134, Epps, LA, 71237"
Epps ,Carroll,14-3,"Mon, 4/9",L,Home • Non-District,5:00pm,monroe,LA,"4044 Louisiana 134, Epps, LA, 71237"
Epps ,Downsville,nan-nan,"Tue, 4/10",NoScoreReported,Away • Non-District,4:00pm,downsville,LA,"4044 Louisiana 134, Epps, LA, 71237"
Epps ,Wossman,19-1,"Wed, 4/11",L,Home • Non-District,3:00pm,monroe,LA,"4044 Louisiana 134, Epps, LA, 71237"
Epps ,Richwood,nan-nan,"Wed, 4/11",NoScoreReported,Away • Non-District,4:00pm,monroe,LA,"4044 Louisiana 134, Epps, LA, 71237"
Epps ,Carroll,11-1,"Wed, 4/11",L,Away • Non-District,5:30pm,monroe,LA,"4044 Louisiana 134, Epps, LA, 71237"
Epps ,Reeves,15-0,"Mon, 4/16",L,Away • Playoff,Time TBA,reeves,LA,"4044 Louisiana 134, Epps, LA, 71237"
Valley ,Ganado,19-1,"Thu, 3/8",L,Away • Non-Section,3:00pm,ganado,AZ,"Sanders, AZ, 86512"
Valley ,Hopi,20-10,"Mon, 3/19",L,Home • Section,12:00pm,keams-canyon,AZ,"Sanders, AZ, 86512"
Valley ,Hopi,(FF),"Mon, 3/19",L,Home • Section,2:00pm,keams-canyon,AZ,"Sanders, AZ, 86512"
Valley ,Tohatchi,15-2,"Thu, 3/22",L,Away • Tournament,Time TBA,tohatchi,NM,"Sanders, AZ, 86512"
Valley ,Greyhills Academy,22-0,"Tue, 3/27",L,Away • Non-Section,1:00pm,tuba-city,AZ,"Sanders, AZ, 86512"
Valley ,Greyhills Academy,16-1,"Tue, 3/27",L,Away • Non-Section,3:00pm,tuba-city,AZ,"Sanders, AZ, 86512"
Valley ,Navajo Pine,23-1,"Thu, 4/5",L,Home • Non-Section,2:00pm,navajo,NM,"Sanders, AZ, 86512"
Valley ,Navajo Pine,16-5,"Thu, 4/5",L,Home • Non-Section,4:00pm,navajo,NM,"Sanders, AZ, 86512"
Valley ,St. Johns,20-1,"Fri, 4/6",L,Away • Section,1:00pm,st-johns,AZ,"Sanders, AZ, 86512"
Valley ,St. Johns,21-1,"Fri, 4/6",L,Away • Section,3:00pm,st-johns,AZ,"Sanders, AZ, 86512"
Valley ,Many Farms,21-4,"Wed, 4/11",L,Home • Section,2:00pm,many-farms,AZ,"Sanders, AZ, 86512"
Valley ,Many Farms,15-4,"Wed, 4/11",L,Home • Section,4:00pm,many-farms,AZ,"Sanders, AZ, 86512"
Valley ,Pinon,(FF),"Sat, 4/14",L,Home • Section,2:00pm,pinon,AZ,"Sanders, AZ, 86512"
Valley ,Pinon,(FF),"Sat, 4/14",L,Home • Section,4:00pm,pinon,AZ,"Sanders, AZ, 86512"
Valley ,Rock Point,24-7,"Tue, 4/17",L,Home • Non-Section,1:00pm,rock-point,AZ,"Sanders, AZ, 86512"
Valley ,Round Valley,16-2,"Fri, 4/20",L,Away • Section,2:00pm,eagar,AZ,"Sanders, AZ, 86512"
Valley ,Round Valley,18-0,"Fri, 4/20",L,Away • Section,4:00pm,eagar,AZ,"Sanders, AZ, 86512"
Valley ,Alchesay,26-3,"Wed, 4/25",L,Away • Section,2:00pm,whiteriver,AZ,"Sanders, AZ, 86512"
Valley ,Alchesay,22-1,"Wed, 4/25",L,Away • Section,4:00pm,whiteriver,AZ,"Sanders, AZ, 86512"
Prince RVT ,Bullard-Havens,22-17,"Tue, 4/10",L,Away • Non-League,3:45pm,bridgeport,CT,"401 Flatbush Ave., Hartford, CT, 06106"
Prince RVT ,Harvard Ellis Tech,23-2,"Wed, 4/11",L,Away • Non-League,3:45pm,killingly,CT,"401 Flatbush Ave., Hartford, CT, 06106"
Prince RVT ,Goodwin RVT,nan-nan,"Fri, 4/13",NoScoreReported,Home • League,Time TBA,new-britain,CT,"401 Flatbush Ave., Hartford, CT, 06106"
Prince RVT ,Goodwin Tech,27-3,"Fri, 4/13",L,Home • Non-League,3:45pm,new-britain,CT,"401 Flatbush Ave., Hartford, CT, 06106"
Prince RVT ,University/Classical Magnet,22-17,"Tue, 4/17",L,Away • Non-League,3:45pm,hartford,CT,"401 Flatbush Ave., Hartford, CT, 06106"
Prince RVT ,Vinal RVT,nan-nan,"Wed, 4/18",NoScoreReported,Home • Non-League,3:45pm,middletown,CT,"401 Flatbush Ave., Hartford, CT, 06106"
Prince RVT ,Vinal RVT,26-7,"Wed, 4/18",L,Home • Non-League,6:00pm,middletown,CT,"401 Flatbush Ave., Hartford, CT, 06106"
Prince RVT ,Cheney RVT,28-13,"Fri, 4/20",W,Away • League,11:00am,manchester,CT,"401 Flatbush Ave., Hartford, CT, 06106"
Prince RVT ,Kaynor Tech,17-2,"Mon, 4/23",L,Home • Non-League,3:45pm,waterbury,CT,"401 Flatbush Ave., Hartford, CT, 06106"
Prince RVT ,Metropolitan Learning Center,23-8,"Tue, 4/24",L,Away • Non-League,3:45pm,bloomfield,CT,"401 Flatbush Ave., Hartford, CT, 06106"
Prince RVT ,Windham RVT,nan-nan,"Wed, 4/25",NoScoreReported,Home • League,3:45pm,willimantic,CT,"401 Flatbush Ave., Hartford, CT, 06106"
Prince RVT ,Windham RVT,nan-nan,"Wed, 4/25",NoScoreReported,Home • League,6:00pm,willimantic,CT,"401 Flatbush Ave., Hartford, CT, 06106"
Prince RVT ,Norwich RVT,21-2,"Fri, 4/27",L,Away • League,3:45pm,norwich,CT,"401 Flatbush Ave., Hartford, CT, 06106"
Prince RVT ,Windham RVT,16-1,"Tue, 5/1",L,Home • League,6:15pm,willimantic,CT,"401 Flatbush Ave., Hartford, CT, 06106"
Prince RVT ,Goodwin RVT,nan-nan,"Wed, 5/2",NoScoreReported,Away • League,Time TBA,new-britain,CT,"401 Flatbush Ave., Hartford, CT, 06106"
Prince RVT ,Goodwin Tech,nan-nan,"Wed, 5/2",NoScoreReported,Away • Non-League,3:45pm,new-britain,CT,"401 Flatbush Ave., Hartford, CT, 06106"
Prince RVT ,Goodwin Tech,nan-nan,"Wed, 5/2",NoScoreReported,Away • Non-League,3:45pm,new-britain,CT,"401 Flatbush Ave., Hartford, CT, 06106"
Prince RVT ,Vinal RVT,22-4,"Mon, 5/7",L,Away • Non-League,3:45pm,middletown,CT,"401 Flatbush Ave., Hartford, CT, 06106"
Prince RVT ,Cheney RVT,26-16,"Wed, 5/9",L,Home • League,3:45pm,manchester,CT,"401 Flatbush Ave., Hartford, CT, 06106"
Prince RVT ,Metropolitan Learning Center,24-0,"Thu, 5/10",L,Home • Non-League,3:45pm,bloomfield,CT,"401 Flatbush Ave., Hartford, CT, 06106"
Prince RVT ,Grasso Tech,23-7,"Mon, 5/14",L,Home • League,3:45pm,groton,CT,"401 Flatbush Ave., Hartford, CT, 06106"
Prince RVT ,University/Classical Magnet,20-3,"Fri, 5/18",L,Home • Non-League,3:45pm,hartford,CT,"401 Flatbush Ave., Hartford, CT, 06106"
Fredonia ,Laughlin,20-4,"Fri, 3/9",L,Away • Tournament,2:00pm,laughlin,NV,"221 N. Hortt, Fredonia, AZ, 86022-0247"
Fredonia ,Mountain View Christian,19-3,"Fri, 3/9",L,Neutral • Tournament,4:00pm,las-vegas,NV,"221 N. Hortt, Fredonia, AZ, 86022-0247"
Fredonia ,Tonopah,16-5,"Sat, 3/10",L,Home • Non-Section,8:00am,tonopah,NV,"221 N. Hortt, Fredonia, AZ, 86022-0247"
Fredonia ,Panguitch,18-2,"Fri, 3/16",L,Away • Non-Section,1:00pm,panguitch,UT,"221 N. Hortt, Fredonia, AZ, 86022-0247"
Fredonia ,Panguitch,14-9,"Fri, 3/16",L,Away • Non-Section,3:00pm,panguitch,UT,"221 N. Hortt, Fredonia, AZ, 86022-0247"
Fredonia ,St. Michael,22-4,"Sat, 3/17",L,Away • Section,2:00pm,st-michaels,AZ,"221 N. Hortt, Fredonia, AZ, 86022-0247"
Fredonia ,St. Michael,11-0,"Sat, 3/17",L,Away • Section,4:00pm,st-michaels,AZ,"221 N. Hortt, Fredonia, AZ, 86022-0247"
Fredonia ,Rock Point,21-7,"Wed, 3/28",L,Home • Section,1:00pm,rock-point,AZ,"221 N. Hortt, Fredonia, AZ, 86022-0247"
Fredonia ,Rock Point,7-2,"Wed, 3/28",W,Home • Section,3:00pm,rock-point,AZ,"221 N. Hortt, Fredonia, AZ, 86022-0247"
Fredonia ,Red Mesa,20-12,"Fri, 4/6",L,Away • Section,2:00pm,teec-nos-pos,AZ,"221 N. Hortt, Fredonia, AZ, 86022-0247"
Fredonia ,Red Mesa,13-3,"Fri, 4/6",L,Away • Section,4:00pm,teec-nos-pos,AZ,"221 N. Hortt, Fredonia, AZ, 86022-0247"
Fredonia ,Beaver Dam,16-6,"Fri, 4/13",L,Away • Non-Section,1:00pm,littlefield,AZ,"221 N. Hortt, Fredonia, AZ, 86022-0247"
Fredonia ,Beaver Dam,16-4,"Fri, 4/13",L,Away • Non-Section,3:00pm,littlefield,AZ,"221 N. Hortt, Fredonia, AZ, 86022-0247"
Fredonia ,Rock Point,16-4,"Sat, 4/14",L,Away • Section,1:00pm,rock-point,AZ,"221 N. Hortt, Fredonia, AZ, 86022-0247"
Fredonia ,Rock Point,8-7,"Sat, 4/14",L,Away • Section,3:00pm,rock-point,AZ,"221 N. Hortt, Fredonia, AZ, 86022-0247"
Fredonia ,Greyhills Academy,14-6,"Fri, 4/20",L,Away • Section,2:00pm,tuba-city,AZ,"221 N. Hortt, Fredonia, AZ, 86022-0247"
Fredonia ,Greyhills Academy,17-7,"Fri, 4/20",L,Away • Section,4:00pm,tuba-city,AZ,"221 N. Hortt, Fredonia, AZ, 86022-0247"
Fredonia ,Williams,18-2,"Sat, 4/21",L,Away • Non-Section,1:00pm,williams,AZ,"221 N. Hortt, Fredonia, AZ, 86022-0247"
Fredonia ,Williams,17-0,"Sat, 4/21",L,Away • Non-Section,3:00pm,williams,AZ,"221 N. Hortt, Fredonia, AZ, 86022-0247"
St. Augustine Catholic ,Academy of Tucson,15-5,"Mon, 2/26",L,Home • Non-Section,4:00pm,tucson,AZ,"8800 E 22Nd St, Tucson, AZ, 85710-7330"
St. Augustine Catholic ,Tanque Verde,26-6,"Thu, 3/1",L,Home • Non-Section,4:00pm,tucson,AZ,"8800 E 22Nd St, Tucson, AZ, 85710-7330"
St. Augustine Catholic ,Baboquivari,18-4,"Fri, 3/2",L,Away • Non-Section,4:00pm,sells,AZ,"8800 E 22Nd St, Tucson, AZ, 85710-7330"
St. Augustine Catholic ,San Manuel,23-5,"Fri, 3/16",L,Away • Section,4:00pm,san-manuel,AZ,"8800 E 22Nd St, Tucson, AZ, 85710-7330"
St. Augustine Catholic ,Duncan,34-15,"Mon, 3/19",L,Home • Non-Section,4:00pm,duncan,AZ,"8800 E 22Nd St, Tucson, AZ, 85710-7330"
St. Augustine Catholic ,Phoenix Christian,21-5,"Tue, 3/20",L,Home • Non-Section,4:00pm,phoenix,AZ,"8800 E 22Nd St, Tucson, AZ, 85710-7330"
St. Augustine Catholic ,San Miguel,14-4,"Fri, 3/23",L,Away • Section,5:45pm,tucson,AZ,"8800 E 22Nd St, Tucson, AZ, 85710-7330"
St. Augustine Catholic ,Academy of Tucson,21-11,"Mon, 3/26",L,Away • Non-Section,4:00pm,tucson,AZ,"8800 E 22Nd St, Tucson, AZ, 85710-7330"
St. Augustine Catholic ,Miami,22-4,"Tue, 3/27",L,Home • Section,4:00pm,miami,AZ,"8800 E 22Nd St, Tucson, AZ, 85710-7330"
St. Augustine Catholic ,San Carlos,31-3,"Fri, 3/30",L,Home • Section,4:00pm,san-carlos,AZ,"8800 E 22Nd St, Tucson, AZ, 85710-7330"
St. Augustine Catholic ,Desert Christian,22-3,"Tue, 4/3",L,Away • Section,4:00pm,tucson,AZ,"8800 E 22Nd St, Tucson, AZ, 85710-7330"
St. Augustine Catholic ,San Manuel,16-1,"Mon, 4/9",L,Home • Section,4:00pm,san-manuel,AZ,"8800 E 22Nd St, Tucson, AZ, 85710-7330"
St. Augustine Catholic ,St. David,21-0,"Tue, 4/10",L,Home • Non-Section,4:00pm,st-david,AZ,"8800 E 22Nd St, Tucson, AZ, 85710-7330"
St. Augustine Catholic ,Miami,23-4,"Thu, 4/12",L,Neutral • Section,4:00pm,miami,AZ,"8800 E 22Nd St, Tucson, AZ, 85710-7330"
St. Augustine Catholic ,Leading Edge Academy - GEC,29-9,"Mon, 4/16",L,Home • Non-Section,4:00pm,gilbert,AZ,"8800 E 22Nd St, Tucson, AZ, 85710-7330"
St. Augustine Catholic ,San Miguel,25-9,"Tue, 4/17",L,Home • Section,4:00pm,tucson,AZ,"8800 E 22Nd St, Tucson, AZ, 85710-7330"
St. Augustine Catholic ,San Carlos,21-1,"Mon, 4/23",L,Away • Section,6:00pm,san-carlos,AZ,"8800 E 22Nd St, Tucson, AZ, 85710-7330"
St. Augustine Catholic ,Desert Christian,30-8,"Wed, 4/25",L,Home • Section,4:00pm,tucson,AZ,"8800 E 22Nd St, Tucson, AZ, 85710-7330"
